Bib,ID,14.4k,25.8k,32.3k,37.9k,Chip Time,Finish Time
40002,00001,0:51:29,0:41:45,0:22:46,0:18:29,2:28:21,2:28:21
40007,00002,0:52:07,0:41:07,0:22:45,0:18:29,2:28:22,2:28:23
40005,00003,0:51:16,0:41:58,0:23:34,0:20:30,2:33:40,2:33:40
40000,00004,0:51:41,0:41:51,0:24:18,0:20:54,2:34:57,2:34:57
40003,00005,0:51:41,0:42:07,0:23:53,0:21:02,2:35:01,2:35:01
40004,00006,0:51:42,0:41:50,0:23:54,0:21:18,2:35:07,2:35:07
40037,00007,0:53:50,0:43:02,0:24:14,0:20:57,2:38:59,2:38:59
40902,00008,0:53:46,0:43:05,0:24:28,0:21:17,2:39:10,2:39:10
40039,00009,0:53:46,0:43:04,0:24:16,0:20:57,2:39:30,2:39:30
40001,00010,0:53:52,0:43:30,0:24:32,0:20:44,2:39:44,2:39:44
43005,00011,0:53:58,0:43:26,0:24:30,0:20:43,2:39:49,2:39:50
40040,00012,0:53:45,0:43:04,0:24:28,0:21:35,2:41:16,2:41:16
40050,00013,0:55:07,0:44:04,0:24:52,0:21:28,2:42:55,2:42:55
40035,00014,0:53:47,0:44:53,0:25:50,0:22:05,2:44:46,2:44:46
40038,00015,0:55:39,0:43:34,0:24:34,0:23:00,2:46:21,2:46:21
40904,00016,0:56:27,0:45:19,0:25:08,0:21:53,2:46:24,2:46:24
43002,00017,0:55:17,0:43:56,0:26:07,0:23:08,2:47:43,2:47:43
40132,00018,0:56:46,0:45:46,0:25:26,0:21:53,2:47:53,2:47:53
40234,00019,0:55:57,0:45:45,0:26:06,0:22:12,2:49:00,2:49:00
40046,00020,0:53:46,0:43:06,0:26:56,0:25:37,2:49:50,2:49:50
43001,00021,0:56:28,0:45:36,0:25:43,0:22:46,2:49:57,2:49:58
40045,00022,0:56:25,0:46:33,0:26:19,0:23:03,2:50:22,2:50:22
40876,00023,0:56:26,0:45:30,0:25:57,0:23:12,2:50:27,2:50:27
40023,00024,0:56:26,0:46:14,0:25:57,0:22:52,2:50:29,2:50:29
43003,00025,0:57:35,0:46:59,0:26:36,0:21:49,2:50:51,2:50:51
40892,00026,0:57:33,0:46:05,0:25:52,0:22:57,2:51:03,2:51:03
40885,00027,0:57:02,0:45:38,0:25:53,0:23:20,2:51:30,2:51:30
43000,00028,0:58:09,0:46:38,0:26:26,0:22:38,2:52:13,2:52:13
40899,00029,0:57:44,0:45:53,0:26:42,0:23:15,2:52:33,2:52:33
40898,00030,0:57:44,0:45:54,0:25:59,0:23:17,2:53:21,2:53:21
40027,00031,0:58:24,0:46:43,0:26:05,0:23:17,2:53:29,2:53:29
40052,00032,0:58:27,0:45:15,0:26:32,0:23:59,2:54:09,2:54:09
40025,00033,0:58:26,0:46:44,0:26:33,0:23:24,2:54:24,2:54:24
40115,00034,0:58:12,0:48:05,0:26:38,0:22:55,2:54:26,2:54:26
40036,00035,0:57:47,0:45:54,0:26:51,0:24:10,2:54:36,2:54:36
40889,00036,1:00:19,0:48:14,0:25:44,0:22:33,2:54:58,2:54:58
40227,00037,0:59:19,0:46:56,0:26:39,0:22:56,2:55:04,2:55:04
40890,00038,0:57:17,0:45:57,0:26:48,0:24:40,2:55:59,2:55:59
40030,00039,0:57:14,0:49:28,0:26:41,0:23:35,2:56:30,2:56:30
40249,00040,0:58:26,0:48:08,0:26:49,0:24:08,2:56:32,2:56:32
40865,00041,1:00:03,0:47:05,0:26:00,0:23:36,2:56:42,2:56:42
40044,00042,1:00:11,0:47:53,0:26:49,0:23:05,2:56:44,2:56:44
40874,00043,0:57:54,0:47:39,0:26:53,0:24:38,2:56:50,2:56:50
40873,00044,1:00:09,0:48:06,0:27:10,0:23:39,2:57:53,2:57:53
40209,00045,1:00:38,0:48:04,0:27:26,0:23:46,2:58:20,2:58:20
40024,00046,1:00:40,0:45:40,0:27:44,0:24:37,2:58:24,2:58:24
40109,00047,0:59:47,0:47:41,0:27:17,0:24:07,2:58:26,2:58:26
40238,00048,1:00:42,0:48:11,0:27:08,0:23:28,2:58:27,2:58:27
40907,00049,1:01:30,0:48:29,0:26:46,0:23:06,2:58:27,2:58:27
40062,00050,1:01:32,0:48:29,0:26:45,0:23:06,2:58:28,2:58:28
40760,00051,1:00:43,0:48:29,0:27:02,0:23:22,2:58:38,2:58:38
40915,00052,1:00:29,0:48:14,0:27:20,0:23:45,2:59:11,2:59:11
40098,00053,1:00:27,0:48:14,0:27:19,0:23:46,2:59:14,2:59:14
40042,00054,0:58:01,0:49:20,0:27:59,0:24:30,2:59:26,2:59:26
40058,00055,1:00:46,0:48:12,0:26:46,0:24:05,3:00:02,3:00:02
40157,00056,1:00:32,0:48:27,0:27:33,0:24:17,3:00:15,3:00:15
40084,00057,1:00:31,0:48:08,0:27:32,0:24:28,3:00:23,3:00:23
41173,00058,1:01:46,0:48:11,0:27:04,0:23:51,3:00:27,3:00:27
40869,00059,1:02:05,0:49:05,0:27:01,0:23:14,3:00:30,3:00:30
40142,00060,1:00:38,0:48:16,0:27:18,0:24:00,3:00:31,3:00:31
40060,00061,1:01:54,0:48:07,0:27:26,0:24:01,3:00:38,3:00:38
43050,00062,1:00:12,0:48:19,0:28:00,0:24:29,3:00:39,3:00:39
40759,00063,1:00:53,0:48:47,0:27:11,0:24:47,3:02:12,3:02:12
40076,00064,1:00:27,0:48:23,0:27:47,0:25:08,3:02:22,3:02:22
40911,00065,1:00:55,0:48:38,0:27:28,0:25:23,3:02:28,3:02:28
40022,00066,1:00:45,0:48:51,0:27:21,0:25:05,3:02:51,3:02:51
40305,00067,0:59:25,0:48:02,0:28:11,0:25:23,3:03:13,3:03:13
40141,00068,1:00:30,0:48:33,0:27:38,0:24:51,3:03:32,3:03:32
40397,00069,1:01:07,0:48:53,0:27:34,0:25:38,3:03:37,3:03:37
40893,00070,0:58:56,0:47:55,0:27:51,0:25:53,3:03:44,3:03:44
40043,00071,1:01:03,0:48:59,0:27:49,0:24:29,3:03:44,3:03:44
40041,00072,1:00:55,0:48:58,0:29:36,0:24:22,3:03:48,3:03:48
40276,00073,1:00:44,0:48:52,0:28:03,0:25:36,3:03:49,3:03:49
40149,00074,1:00:29,0:48:19,0:27:39,0:25:24,3:04:17,3:04:17
40669,00075,1:00:05,0:48:14,0:27:13,0:27:41,3:04:24,3:04:24
40057,00076,1:03:26,0:49:36,0:27:58,0:24:11,3:04:30,3:04:30
41095,00077,1:00:23,0:48:18,0:27:39,0:25:01,3:04:30,3:04:30
40152,00078,1:02:42,0:49:26,0:27:47,0:24:24,3:04:53,3:04:53
40896,00079,0:59:21,0:47:15,0:27:42,0:26:17,3:04:54,3:04:54
40069,00080,1:02:52,0:49:53,0:28:28,0:24:45,3:05:30,3:05:30
40105,00081,1:00:59,0:49:41,0:29:17,0:25:27,3:05:57,3:05:57
40509,00082,1:00:25,0:48:24,0:28:42,0:26:03,3:06:02,3:06:02
40867,00083,1:01:15,0:50:20,0:28:59,0:25:11,3:06:04,3:06:04
40283,00084,1:02:16,0:50:06,0:28:24,0:25:36,3:06:16,3:06:16
41092,00085,1:00:15,0:49:21,0:29:33,0:26:05,3:06:20,3:06:20
43036,00086,1:03:30,0:49:52,0:28:14,0:25:12,3:06:30,3:06:30
40267,00087,1:01:11,0:49:08,0:29:01,0:25:52,3:06:41,3:06:41
41122,00088,1:02:07,0:49:39,0:27:58,0:25:53,3:06:57,3:06:57
40870,00089,1:03:32,0:52:20,0:27:43,0:23:25,3:07:02,3:07:02
40300,00090,1:00:42,0:50:17,0:28:47,0:27:52,3:07:07,3:07:07
40906,00091,1:03:27,0:49:56,0:28:23,0:24:16,3:07:07,3:07:07
43037,00092,1:03:13,0:51:20,0:28:43,0:24:36,3:07:21,3:07:21
40090,00093,1:04:13,0:50:40,0:28:40,0:23:56,3:07:22,3:07:22
40223,00094,1:04:12,0:50:48,0:28:31,0:24:46,3:07:39,3:07:39
40821,00095,1:04:12,0:50:49,0:28:30,0:24:46,3:07:39,3:07:39
43038,00096,1:03:29,0:49:56,0:28:24,0:25:13,3:07:40,3:07:40
40121,00097,1:04:13,0:50:49,0:28:31,0:24:46,3:07:54,3:07:54
40124,00098,1:04:15,0:47:56,0:28:59,0:26:01,3:07:55,3:07:55
40866,00099,1:00:52,0:52:37,0:29:38,0:24:36,3:08:01,3:08:01
40178,00100,1:01:23,0:50:45,0:27:57,0:26:29,3:08:20,3:08:20
40228,00101,1:01:21,0:53:41,0:28:31,0:24:47,3:08:20,3:08:20
41022,00102,1:01:48,0:50:10,0:28:53,0:26:07,3:08:27,3:08:27
40507,00103,1:02:16,0:50:06,0:28:24,0:26:07,3:08:46,3:08:46
40020,00104,1:03:02,0:49:38,0:28:36,0:26:04,3:09:06,3:09:06
40292,00105,1:04:26,0:51:05,0:28:55,0:24:58,3:09:25,3:09:25
40379,00106,1:03:23,0:51:30,0:29:13,0:25:06,3:09:28,3:09:28
40963,00107,1:00:36,0:48:05,0:27:25,0:24:47,3:10:06,3:10:06
40156,00108,1:03:56,0:51:30,0:28:46,0:25:31,3:10:07,3:10:07
40166,00109,1:00:57,0:50:51,0:29:50,0:26:46,3:10:23,3:10:23
40254,00110,1:03:43,0:52:03,0:28:57,0:25:15,3:10:29,3:10:29
40065,00111,1:04:31,0:51:17,0:28:56,0:25:18,3:11:02,3:11:02
40148,00112,1:04:22,0:51:01,0:28:53,0:25:19,3:11:07,3:11:07
40280,00113,1:04:17,0:51:17,0:29:24,0:24:57,3:11:14,3:11:14
40220,00114,1:06:26,0:51:49,0:28:35,0:25:02,3:11:23,3:11:23
41157,00115,1:02:16,0:51:18,0:29:23,0:26:42,3:11:31,3:11:31
40128,00116,1:05:02,0:51:35,0:29:07,0:25:27,3:12:17,3:12:17
40552,00117,1:05:19,0:53:23,0:28:40,0:25:05,3:12:21,3:12:21
43048,00118,1:06:37,0:52:07,0:28:39,0:25:07,3:12:23,3:12:23
40029,00119,1:05:00,0:51:36,0:29:06,0:25:33,3:12:28,3:12:28
40028,00120,1:03:19,0:50:41,0:29:01,0:26:49,3:13:16,3:13:16
40621,00121,1:04:43,0:51:31,0:29:25,0:26:18,3:13:37,3:13:37
40188,00122,1:03:43,0:52:23,0:29:28,0:25:53,3:13:38,3:13:38
43049,00123,1:03:54,0:52:20,0:29:28,0:25:52,3:13:41,3:13:41
40378,00124,1:04:28,0:46:09,0:30:47,0:27:34,3:13:45,3:13:45
40054,00125,1:04:53,0:51:31,0:29:03,0:26:15,3:13:47,3:13:47
40908,00126,1:04:53,0:51:32,0:29:02,0:26:27,3:13:55,3:13:55
40017,00127,1:05:31,0:52:22,0:29:22,0:25:09,3:13:57,3:13:57
43034,00128,1:05:08,0:51:51,0:29:05,0:26:09,3:13:59,3:13:59
40371,00129,1:05:15,0:51:30,0:29:06,0:25:38,3:14:02,3:14:02
40122,00130,1:03:43,0:52:03,0:29:49,0:26:38,3:14:43,3:14:43
40213,00131,1:04:01,0:51:20,0:29:17,0:28:09,3:14:45,3:14:45
41094,00132,1:00:23,0:50:05,0:31:37,0:29:18,3:14:54,3:14:54
40623,00133,1:05:31,0:51:16,0:29:05,0:26:42,3:15:38,3:15:38
40134,00134,1:04:28,0:51:00,0:28:54,0:26:49,3:15:51,3:15:51
40973,00135,1:00:33,0:48:14,0:27:20,0:27:20,3:15:53,3:15:53
40114,00136,1:06:38,0:52:47,0:29:56,0:25:30,3:16:13,3:16:13
43147,00137,1:06:36,0:53:13,0:29:44,0:25:39,3:16:19,3:16:19
40295,00138,1:06:57,0:52:24,0:29:12,0:25:51,3:16:24,3:16:24
40026,00139,1:07:33,0:51:12,0:29:19,0:27:00,3:16:24,3:16:24
40233,00140,1:04:12,0:50:48,0:29:14,0:27:50,3:16:29,3:16:29
40163,00141,1:07:02,0:53:05,0:29:25,0:25:50,3:16:43,3:16:43
41091,00142,1:04:34,0:55:02,0:29:46,0:26:02,3:16:44,3:16:44
40019,00143,1:06:41,0:53:10,0:30:21,0:26:11,3:16:50,3:16:50
40361,00144,1:09:56,0:52:39,0:29:03,0:25:18,3:17:07,3:17:07
41170,00145,1:06:26,0:52:59,0:29:45,0:25:50,3:17:15,3:17:15
40570,00146,1:06:45,0:53:23,0:30:11,0:25:50,3:17:19,3:17:19
40217,00147,1:03:34,0:52:05,0:29:59,0:28:35,3:17:22,3:17:22
40671,00148,1:06:48,0:53:11,0:30:13,0:26:12,3:17:23,3:17:23
40781,00149,1:06:58,0:53:42,0:30:58,0:25:35,3:17:52,3:17:52
40094,00150,1:06:24,0:53:13,0:30:12,0:26:18,3:17:59,3:17:59
40984,00151,1:06:23,0:53:14,0:30:11,0:26:17,3:17:59,3:17:59
40092,00152,1:07:40,0:53:36,0:30:02,0:25:38,3:18:12,3:18:12
40719,00153,1:09:12,0:54:45,0:28:56,0:24:40,3:18:14,3:18:14
40449,00154,1:03:16,0:51:50,0:30:21,0:28:23,3:18:23,3:18:23
43111,00155,1:06:56,0:53:45,0:30:11,0:26:42,3:18:34,3:18:34
40145,00156,1:07:03,0:53:49,0:30:27,0:26:07,3:18:35,3:18:35
40153,00157,1:06:53,0:53:12,0:30:11,0:26:00,3:18:55,3:18:55
41041,00158,1:07:42,0:53:52,0:30:31,0:26:18,3:18:56,3:18:56
40871,00159,1:01:02,0:49:01,0:30:05,0:28:27,3:18:57,3:18:57
40151,00160,1:06:42,0:53:01,0:30:13,0:26:29,3:19:03,3:19:03
40140,00161,1:07:18,0:53:09,0:30:00,0:26:00,3:19:20,3:19:20
40455,00162,1:09:26,0:54:17,0:29:29,0:25:16,3:19:21,3:19:21
40385,00163,1:07:42,0:53:52,0:30:30,0:26:20,3:19:23,3:19:23
40800,00164,1:07:26,0:53:43,0:30:13,0:26:43,3:19:30,3:19:30
40534,00165,1:08:04,0:54:00,0:30:03,0:25:58,3:19:40,3:19:40
40268,00166,1:01:08,0:48:31,0:29:50,0:30:22,3:19:40,3:19:40
40158,00167,1:01:11,0:48:30,0:29:51,0:30:21,3:19:42,3:19:42
40097,00168,1:07:34,0:53:54,0:30:22,0:26:26,3:19:42,3:19:42
40167,00169,1:08:40,0:54:00,0:30:08,0:25:53,3:19:43,3:19:43
40031,00170,1:03:44,0:52:02,0:30:39,0:29:44,3:19:59,3:19:59
40257,00171,1:06:57,0:53:11,0:30:14,0:26:32,3:20:08,3:20:08
40705,00172,1:08:52,0:54:08,0:30:13,0:26:13,3:20:12,3:20:12
43033,00173,1:07:35,0:53:56,0:30:20,0:26:31,3:20:12,3:20:12
40055,00174,1:07:01,0:53:57,0:30:48,0:26:27,3:20:19,3:20:19
43121,00175,1:07:03,0:53:43,0:29:58,0:26:59,3:20:26,3:20:26
40864,00176,1:08:45,0:54:04,0:30:39,0:26:27,3:20:31,3:20:31
40059,00177,1:03:00,0:52:33,0:31:09,0:28:10,3:20:32,3:20:32
41167,00178,1:10:32,0:55:16,0:29:33,0:25:12,3:20:37,3:20:37
40266,00179,1:07:56,0:53:51,0:30:30,0:26:19,3:20:46,3:20:46
40489,00180,1:08:11,0:54:28,0:30:53,0:26:26,3:20:49,3:20:49
40063,00181,1:05:15,0:53:38,0:30:28,0:27:48,3:20:50,3:20:50
43117,00182,1:09:01,0:54:35,0:29:42,0:26:39,3:20:50,3:20:50
43115,00183,1:09:02,0:54:38,0:29:51,0:26:27,3:20:50,3:20:50
40905,00184,1:05:02,0:53:19,0:32:00,0:28:01,3:20:51,3:20:51
40543,00185,1:06:55,0:53:12,0:30:14,0:27:47,3:21:07,3:21:07
40237,00186,1:07:53,0:53:52,0:30:30,0:26:19,3:21:26,3:21:26
40315,00187,1:09:08,0:54:38,0:29:56,0:26:19,3:21:32,3:21:32
40796,00188,1:08:02,0:54:01,0:30:27,0:26:57,3:21:39,3:21:39
43054,00189,1:08:02,0:54:01,0:30:28,0:26:56,3:21:39,3:21:39
40881,00190,1:01:23,0:52:53,0:30:54,0:31:17,3:21:42,3:21:42
40562,00191,1:09:02,0:54:38,0:29:51,0:26:26,3:21:46,3:21:46
40913,00192,1:09:05,0:54:48,0:30:18,0:25:56,3:21:47,3:21:47
40353,00193,1:09:25,0:54:41,0:30:29,0:26:24,3:22:10,3:22:10
40175,00194,1:06:46,0:52:49,0:31:28,0:28:28,3:22:16,3:22:16
40360,00195,1:10:42,0:54:05,0:29:38,0:25:07,3:22:22,3:22:22
40672,00196,1:07:27,0:53:42,0:30:13,0:26:43,3:22:27,3:22:27
40370,00197,1:05:59,0:54:41,0:30:29,0:26:41,3:22:29,3:22:29
40239,00198,1:07:45,0:54:13,0:31:14,0:26:47,3:22:33,3:22:33
40580,00199,1:08:20,0:54:42,0:30:59,0:26:55,3:22:38,3:22:38
40897,00200,0:57:11,0:47:20,0:29:08,0:41:54,3:22:43,3:22:43
40285,00201,1:10:10,0:54:58,0:31:39,0:25:29,3:22:46,3:22:46
40087,00202,1:10:21,0:55:05,0:30:34,0:25:56,3:22:53,3:22:53
40206,00203,1:09:22,0:55:13,0:31:14,0:26:37,3:23:15,3:23:15
40279,00204,1:07:51,0:53:51,0:30:32,0:27:23,3:23:16,3:23:16
40198,00205,1:09:21,0:55:14,0:31:14,0:26:37,3:23:24,3:23:24
40308,00206,1:08:51,0:54:30,0:30:19,0:27:06,3:23:26,3:23:26
40643,00207,1:07:34,0:54:37,0:31:35,0:27:51,3:23:45,3:23:45
43021,00208,1:07:38,0:54:37,0:31:35,0:27:52,3:23:46,3:23:46
40196,00209,1:06:04,0:54:08,0:31:23,0:29:07,3:23:58,3:23:58
40126,00210,1:05:55,0:54:08,0:31:23,0:29:07,3:24:02,3:24:02
43087,00211,1:09:45,0:54:24,0:30:44,0:27:03,3:24:13,3:24:13
40299,00212,1:10:04,0:55:12,0:31:07,0:26:16,3:24:16,3:24:16
40129,00213,1:06:41,0:54:50,0:31:16,0:27:55,3:24:19,3:24:19
40061,00214,1:09:19,0:55:40,0:30:53,0:26:52,3:24:21,3:24:21
43042,00215,1:09:29,0:55:43,0:30:51,0:26:52,3:24:21,3:24:21
40747,00216,1:09:26,0:55:30,0:31:13,0:26:51,3:24:23,3:24:23
40546,00217,1:06:37,0:53:24,0:30:01,0:26:23,3:24:32,3:24:32
40434,00218,1:09:21,0:55:04,0:31:14,0:26:37,3:24:44,3:24:44
41096,00219,1:09:52,0:54:47,0:30:29,0:27:28,3:24:47,3:24:47
40332,00220,1:09:30,0:55:47,0:31:17,0:26:44,3:24:47,3:24:47
40164,00221,1:07:31,0:52:41,0:31:04,0:28:16,3:24:52,3:24:52
40392,00222,1:11:13,0:55:26,0:30:16,0:26:12,3:24:52,3:24:52
40554,00223,1:07:29,0:52:41,0:31:12,0:28:15,3:24:54,3:24:54
40309,00224,1:09:00,0:55:25,0:31:15,0:26:58,3:24:56,3:24:56
41175,00225,1:09:45,0:55:10,0:31:20,0:26:28,3:24:59,3:24:59
40173,00226,1:09:41,0:55:48,0:31:35,0:26:44,3:25:00,3:25:00
40116,00227,1:08:47,0:54:30,0:29:56,0:26:59,3:25:09,3:25:09
40086,00228,1:09:08,0:54:53,0:31:10,0:27:32,3:25:27,3:25:27
40066,00229,1:09:09,0:54:52,0:31:09,0:27:33,3:25:28,3:25:28
40614,00230,1:09:29,0:56:05,0:31:03,0:26:51,3:25:30,3:25:30
43023,00231,1:09:03,0:55:17,0:31:16,0:27:11,3:25:33,3:25:33
43017,00232,1:09:34,0:56:04,0:31:05,0:26:50,3:25:35,3:25:35
40081,00233,1:09:31,0:55:50,0:31:43,0:27:20,3:25:48,3:25:48
40916,00234,1:07:42,0:54:50,0:32:05,0:27:53,3:25:49,3:25:49
40033,00235,1:10:10,0:55:06,0:31:00,0:27:39,3:25:52,3:25:52
40418,00236,1:09:41,0:54:59,0:31:00,0:26:51,3:25:56,3:25:56
40259,00237,1:01:07,0:53:01,0:35:21,0:32:15,3:26:05,3:26:05
41088,00238,1:03:11,0:55:14,0:33:55,0:29:55,3:26:09,3:26:09
40067,00239,1:10:25,0:55:43,0:31:42,0:27:14,3:26:12,3:26:12
40172,00240,1:10:04,0:55:41,0:31:22,0:27:09,3:26:15,3:26:15
40168,00241,1:03:19,0:52:57,0:34:45,0:30:11,3:26:20,3:26:20
43016,00242,1:10:48,0:56:29,0:31:24,0:26:42,3:26:20,3:26:20
40113,00243,1:13:20,0:56:08,0:30:23,0:25:49,3:26:22,3:26:22
40205,00244,1:09:36,0:55:17,0:31:36,0:27:52,3:26:26,3:26:26
40594,00245,1:09:08,0:55:12,0:31:09,0:27:29,3:26:28,3:26:28
41135,00246,1:07:26,0:53:43,0:30:13,0:27:30,3:26:34,3:26:34
40620,00247,1:09:34,0:55:59,0:31:42,0:27:14,3:26:35,3:26:35
40368,00248,1:08:07,0:55:33,0:32:07,0:27:47,3:26:42,3:26:42
40886,00249,0:59:54,0:48:59,0:34:43,0:35:00,3:26:44,3:26:44
40492,00250,1:10:40,0:53:48,0:30:13,0:28:09,3:26:47,3:26:47
40942,00251,1:11:13,0:56:19,0:31:25,0:26:21,3:26:47,3:26:47
40462,00252,1:06:20,0:54:03,0:34:15,0:29:01,3:26:48,3:26:48
40048,00253,1:11:29,0:56:07,0:31:24,0:26:22,3:26:52,3:26:52
40282,00254,1:03:54,0:52:20,0:29:32,0:30:24,3:26:55,3:26:55
43045,00255,1:11:30,0:56:05,0:31:26,0:26:21,3:26:55,3:26:55
41168,00256,1:09:27,0:55:10,0:31:13,0:27:31,3:26:57,3:26:57
40091,00257,1:11:04,0:56:42,0:31:38,0:26:49,3:26:59,3:26:59
40189,00258,1:07:57,0:55:57,0:31:41,0:27:43,3:27:02,3:27:02
40212,00259,1:10:51,0:56:05,0:31:45,0:27:19,3:27:04,3:27:04
43077,00260,1:10:23,0:56:06,0:31:37,0:27:07,3:27:19,3:27:19
40852,00261,1:10:47,0:56:41,0:31:37,0:27:17,3:27:20,3:27:20
40120,00262,1:07:09,0:56:31,0:31:40,0:28:22,3:27:33,3:27:33
40147,00263,1:10:07,0:56:08,0:31:24,0:27:39,3:27:35,3:27:35
41107,00264,1:09:51,0:56:23,0:31:26,0:27:36,3:27:35,3:27:35
40491,00265,1:05:49,0:54:19,0:32:27,0:29:32,3:27:39,3:27:39
43072,00266,1:07:37,0:54:26,0:32:31,0:28:48,3:27:39,3:27:39
40606,00267,1:10:12,0:55:29,0:31:13,0:27:34,3:27:42,3:27:42
40101,00268,1:09:25,0:56:58,0:31:36,0:27:46,3:27:43,3:27:43
40343,00269,1:11:06,0:55:36,0:31:03,0:27:12,3:27:43,3:27:43
40330,00270,1:10:15,0:56:07,0:31:26,0:26:59,3:27:44,3:27:44
40077,00271,1:12:11,0:56:02,0:31:09,0:26:36,3:27:44,3:27:44
40539,00272,1:12:11,0:56:03,0:31:09,0:26:36,3:27:46,3:27:46
40287,00273,1:08:52,0:55:56,0:32:08,0:28:18,3:27:49,3:27:49
40351,00274,1:10:15,0:56:08,0:31:57,0:27:21,3:27:59,3:27:59
40333,00275,1:10:16,0:56:07,0:31:57,0:27:22,3:27:59,3:27:59
40088,00276,1:00:10,0:49:34,0:32:48,0:31:17,3:28:00,3:28:00
40464,00277,1:07:01,0:53:43,0:32:40,0:32:17,3:28:04,3:28:04
41166,00278,1:10:12,0:55:54,0:32:01,0:27:14,3:28:05,3:28:05
40231,00279,1:10:52,0:56:26,0:31:25,0:27:18,3:28:05,3:28:05
40608,00280,1:10:55,0:56:18,0:31:42,0:27:19,3:28:06,3:28:06
43084,00281,1:10:55,0:56:18,0:31:42,0:27:20,3:28:06,3:28:06
40136,00282,1:10:52,0:56:16,0:31:38,0:27:19,3:28:17,3:28:17
43066,00283,1:11:29,0:56:53,0:31:21,0:26:44,3:28:18,3:28:18
40624,00284,1:10:37,0:55:58,0:31:56,0:27:36,3:28:19,3:28:19
40293,00285,1:06:37,0:54:58,0:32:09,0:29:35,3:28:29,3:28:29
40419,00286,1:11:09,0:55:52,0:31:22,0:27:10,3:28:29,3:28:29
40095,00287,1:10:54,0:56:19,0:31:42,0:27:18,3:28:30,3:28:30
40549,00288,1:10:55,0:56:18,0:31:43,0:27:19,3:28:31,3:28:31
40583,00289,1:09:19,0:56:46,0:31:36,0:27:30,3:28:36,3:28:36
40211,00290,1:11:34,0:55:58,0:31:25,0:26:24,3:28:36,3:28:36
41132,00291,1:07:36,0:54:22,0:31:19,0:28:57,3:28:39,3:28:39
43097,00292,1:07:38,0:53:55,0:30:20,0:32:02,3:28:47,3:28:47
40291,00293,1:08:36,0:54:53,0:30:07,0:28:19,3:28:47,3:28:47
43074,00294,1:09:39,0:56:47,0:31:37,0:27:29,3:28:50,3:28:50
40261,00295,1:05:21,0:51:36,0:29:23,0:31:01,3:28:57,3:28:57
40578,00296,1:10:12,0:57:00,0:31:07,0:27:39,3:29:13,3:29:13
40194,00297,1:08:09,0:55:35,0:32:10,0:30:38,3:29:15,3:29:15
40182,00298,1:08:36,0:55:25,0:30:44,0:27:44,3:29:16,3:29:16
40224,00299,1:09:04,0:55:19,0:32:22,0:28:28,3:29:18,3:29:18
43142,00300,1:08:55,0:55:00,0:30:39,0:27:41,3:29:26,3:29:26
40250,00301,1:08:56,0:54:58,0:30:40,0:27:41,3:29:27,3:29:27
40071,00302,1:01:24,0:53:51,0:32:01,0:34:07,3:29:34,3:29:34
40191,00303,1:10:26,0:56:11,0:32:13,0:28:21,3:29:41,3:29:41
40587,00304,1:11:34,0:56:47,0:32:04,0:27:20,3:29:43,3:29:43
40499,00305,1:07:59,0:53:52,0:31:33,0:29:30,3:29:53,3:29:53
40290,00306,1:11:00,0:56:47,0:31:50,0:28:00,3:29:58,3:29:58
40070,00307,1:12:56,0:56:40,0:31:04,0:27:01,3:30:19,3:30:19
40817,00308,1:10:36,0:54:27,0:32:16,0:29:22,3:30:27,3:30:27
40610,00309,1:10:31,0:55:33,0:31:39,0:28:12,3:30:28,3:30:28
40910,00310,1:11:05,0:56:10,0:32:04,0:27:51,3:30:28,3:30:28
40083,00311,1:12:14,0:57:09,0:32:10,0:27:31,3:30:48,3:30:48
43076,00312,1:12:15,0:57:09,0:32:10,0:27:31,3:30:49,3:30:49
40367,00313,1:13:40,0:58:10,0:30:38,0:26:46,3:30:50,3:30:50
40377,00314,1:11:22,0:57:41,0:32:08,0:27:36,3:30:58,3:30:58
40204,00315,1:11:06,0:56:55,0:32:34,0:27:56,3:31:00,3:31:00
40529,00316,1:10:50,0:57:41,0:32:25,0:28:16,3:31:08,3:31:08
40863,00317,1:04:31,0:51:18,0:35:43,0:34:41,3:31:09,3:31:09
40130,00318,1:09:40,0:56:02,0:32:03,0:28:57,3:31:09,3:31:09
43174,00319,1:12:44,0:56:17,0:32:21,0:27:57,3:31:15,3:31:15
40127,00320,1:11:20,0:56:05,0:31:55,0:28:12,3:31:19,3:31:19
43046,00321,1:08:30,0:57:09,0:33:32,0:29:18,3:31:20,3:31:20
40497,00322,1:09:12,0:55:56,0:32:40,0:29:11,3:31:36,3:31:36
40450,00323,1:10:22,0:56:47,0:31:28,0:28:44,3:31:51,3:31:51
41079,00324,1:17:12,1:00:46,0:30:29,0:23:58,3:31:53,3:31:53
40313,00325,1:09:42,0:55:49,0:32:12,0:29:11,3:31:58,3:31:58
40296,00326,1:10:18,0:56:12,0:32:09,0:28:44,3:32:18,3:32:18
40381,00327,1:10:21,0:56:11,0:32:10,0:28:44,3:32:18,3:32:18
40875,00328,1:03:18,0:52:56,0:29:28,0:26:20,3:32:18,3:32:18
41089,00329,1:12:44,0:56:17,0:32:21,0:27:58,3:32:21,3:32:21
40694,00330,1:11:08,0:57:35,0:32:37,0:27:45,3:32:23,3:32:23
43022,00331,1:09:10,0:56:05,0:32:17,0:29:47,3:32:23,3:32:23
40221,00332,1:04:17,0:51:02,0:29:14,0:34:54,3:32:28,3:32:28
40263,00333,1:09:47,0:56:12,0:32:37,0:28:35,3:32:29,3:32:29
43065,00334,1:09:54,0:56:12,0:32:39,0:28:38,3:32:32,3:32:32
41128,00335,1:00:49,0:48:38,0:27:33,0:28:32,3:32:33,3:32:33
40436,00336,1:11:52,0:56:05,0:32:21,0:28:18,3:33:03,3:33:03
40226,00337,1:10:06,0:46:08,0:31:43,0:31:55,3:33:04,3:33:04
40207,00338,1:08:21,0:54:48,0:31:38,0:31:33,3:33:41,3:33:41
40192,00339,1:12:32,0:57:24,0:32:35,0:28:17,3:34:03,3:34:03
41177,00340,1:11:54,0:56:03,0:32:23,0:28:50,3:34:10,3:34:10
40475,00341,1:10:40,0:56:58,0:32:34,0:28:11,3:34:10,3:34:10
41172,00342,1:05:17,0:56:03,0:33:40,0:31:34,3:34:21,3:34:21
40165,00343,1:08:30,0:56:54,0:33:06,0:29:57,3:34:22,3:34:22
40650,00344,1:12:48,0:57:37,0:32:47,0:28:23,3:34:24,3:34:24
40674,00345,1:12:25,0:58:06,0:32:48,0:28:23,3:34:27,3:34:27
40663,00346,1:14:36,0:58:30,0:32:04,0:27:59,3:34:35,3:34:35
40536,00347,1:11:57,0:55:45,0:31:56,0:30:06,3:34:42,3:34:42
43043,00348,1:06:47,1:07:03,0:32:42,0:26:54,3:34:43,3:34:43
40312,00349,1:12:32,0:57:23,0:32:29,0:28:23,3:34:45,3:34:45
43094,00350,1:12:34,0:57:36,0:32:37,0:28:23,3:34:46,3:34:46
40589,00351,1:12:41,0:56:46,0:30:45,0:29:06,3:34:48,3:34:48
40591,00352,1:10:52,0:56:19,0:31:44,0:30:41,3:34:50,3:34:50
43018,00353,1:12:22,0:56:16,0:32:32,0:28:32,3:34:50,3:34:50
40803,00354,1:07:05,0:58:31,0:31:05,0:33:26,3:34:52,3:34:52
40229,00355,1:13:42,0:57:11,0:32:07,0:28:32,3:34:52,3:34:52
40653,00356,1:12:30,0:57:36,0:32:38,0:28:22,3:34:52,3:34:52
40225,00357,1:10:47,0:55:53,0:31:44,0:27:50,3:34:56,3:34:56
43024,00358,1:12:59,0:57:53,0:32:47,0:28:30,3:35:01,3:35:01
40567,00359,1:10:49,0:56:02,0:32:06,0:30:51,3:35:01,3:35:01
40186,00360,1:10:39,0:56:00,0:32:36,0:27:22,3:35:06,3:35:06
40208,00361,1:10:15,0:57:14,0:32:17,0:29:02,3:35:06,3:35:06
40326,00362,1:08:28,0:56:45,0:33:07,0:31:43,3:35:11,3:35:11
40317,00363,1:11:31,0:57:40,0:32:11,0:28:43,3:35:15,3:35:15
40968,00364,1:07:41,0:56:53,0:33:43,0:31:28,3:35:18,3:35:18
40155,00365,0:57:43,1:02:03,0:30:51,0:26:00,3:35:21,3:35:21
40049,00366,1:09:58,0:56:30,0:32:38,0:28:28,3:35:29,3:35:29
40888,00367,1:06:57,0:59:13,0:33:58,0:31:05,3:35:30,3:35:30
40709,00368,1:14:44,0:58:50,0:32:12,0:27:22,3:35:34,3:35:34
40633,00369,1:13:27,0:57:50,0:33:12,0:28:11,3:35:46,3:35:46
40550,00370,1:12:57,0:57:23,0:32:59,0:29:14,3:35:52,3:35:52
43029,00371,1:12:59,0:57:22,0:32:59,0:29:13,3:35:52,3:35:52
40306,00372,1:05:05,0:51:31,0:35:47,0:35:49,3:36:01,3:36:01
40289,00373,1:09:24,0:56:41,0:34:09,0:29:49,3:36:05,3:36:05
40082,00374,1:09:25,0:55:58,0:31:37,0:28:57,3:36:09,3:36:09
41183,00375,1:13:52,0:56:07,0:32:19,0:29:21,3:36:12,3:36:12
40557,00376,1:12:59,0:57:49,0:32:30,0:28:52,3:36:16,3:36:16
40958,00377,1:07:19,0:53:55,0:34:56,0:32:54,3:36:20,3:36:20
40711,00378,1:10:55,0:56:44,0:32:53,0:29:32,3:36:23,3:36:23
40426,00379,1:14:16,0:58:57,0:32:31,0:27:55,3:36:24,3:36:24
40786,00380,1:10:12,0:56:03,0:32:57,0:31:15,3:36:27,3:36:27
40472,00381,1:13:48,0:59:06,0:33:04,0:27:18,3:36:31,3:36:31
40374,00382,1:13:57,0:57:58,0:32:59,0:28:46,3:36:36,3:36:36
40352,00383,1:09:12,0:57:05,0:33:37,0:31:44,3:36:37,3:36:37
40247,00384,1:10:41,0:57:27,0:33:48,0:30:51,3:36:37,3:36:37
40386,00385,1:12:13,0:57:41,0:33:45,0:29:13,3:36:38,3:36:38
43028,00386,1:15:16,0:54:44,0:33:45,0:29:13,3:36:40,3:36:40
40255,00387,1:10:41,0:57:26,0:33:49,0:30:50,3:36:41,3:36:41
41125,00388,1:09:13,0:59:07,0:34:01,0:29:43,3:36:45,3:36:45
40706,00389,,,,0:31:38,3:36:46,3:36:46
40793,00390,1:15:39,0:58:43,0:32:26,0:27:55,3:36:49,3:36:49
40599,00391,1:12:48,0:57:47,0:33:31,0:29:09,3:36:52,3:36:52
40278,00392,1:09:33,0:56:00,0:34:14,0:28:31,3:36:53,3:36:53
40513,00393,1:13:06,0:58:26,0:33:07,0:28:51,3:36:54,3:36:54
40230,00394,1:11:50,0:57:13,0:32:10,0:29:58,3:36:59,3:36:59
40453,00395,1:09:41,0:56:31,0:33:06,0:32:04,3:37:22,3:37:22
40160,00396,1:09:39,0:55:16,0:33:52,0:31:46,3:37:34,3:37:34
40298,00397,1:11:13,0:57:33,0:32:47,0:30:41,3:37:37,3:37:37
40034,00398,1:11:39,0:56:39,0:31:20,0:30:06,3:37:42,3:37:42
43098,00399,1:11:34,0:58:05,0:33:30,0:30:16,3:37:48,3:37:48
40341,00400,1:15:39,1:00:42,0:35:00,0:26:02,3:37:54,3:37:54
43153,00401,1:15:20,0:59:50,0:32:16,0:27:40,3:37:54,3:37:54
40518,00402,1:11:19,0:56:36,0:32:58,0:30:25,3:38:05,3:38:05
40532,00403,1:14:06,0:58:21,0:31:57,0:29:11,3:38:10,3:38:10
40477,00404,1:09:40,0:57:21,0:33:10,0:33:17,3:38:11,3:38:11
40670,00405,1:08:57,0:55:23,0:36:02,0:32:54,3:38:14,3:38:14
43026,00406,1:13:43,0:58:16,0:33:30,0:29:17,3:38:30,3:38:30
40707,00407,1:13:49,0:57:53,0:33:17,0:29:32,3:38:40,3:38:40
43085,00408,1:10:49,0:56:49,0:32:58,0:31:45,3:38:53,3:38:53
40637,00409,1:03:09,0:54:05,0:36:27,0:32:01,3:39:04,3:39:04
43067,00410,1:11:00,0:59:02,0:34:12,0:30:48,3:39:09,3:39:09
40405,00411,1:15:03,0:59:51,0:32:15,0:27:40,3:39:10,3:39:10
43025,00412,1:13:26,0:58:04,0:32:52,0:29:45,3:39:10,3:39:10
40814,00413,1:16:12,0:57:02,0:31:28,0:29:13,3:39:14,3:39:14
40244,00414,1:14:37,0:59:10,0:33:18,0:28:45,3:39:15,3:39:15
40547,00415,1:09:38,0:55:06,0:33:58,0:31:15,3:39:18,3:39:18
40498,00416,1:09:20,0:55:46,0:32:30,0:31:09,3:39:48,3:39:48
40316,00417,1:10:03,0:56:56,0:32:25,0:30:39,3:39:52,3:39:52
40454,00418,1:06:38,0:53:35,0:30:20,0:28:42,3:40:10,3:40:10
40325,00419,1:18:01,0:56:56,0:35:04,0:28:28,3:40:22,3:40:22
40137,00420,1:11:18,0:57:11,0:32:40,0:32:02,3:40:23,3:40:23
40665,00421,1:16:07,1:00:23,0:34:08,0:29:24,3:40:25,3:40:25
43103,00422,1:12:23,0:57:58,0:33:32,0:31:02,3:40:26,3:40:26
41076,00423,1:16:24,0:59:53,0:33:42,0:28:28,3:40:37,3:40:37
40021,00424,1:08:19,0:54:17,0:34:19,0:30:13,3:40:49,3:40:49
40605,00425,1:16:01,1:00:10,0:33:52,0:28:12,3:40:55,3:40:55
43073,00426,1:13:55,0:59:07,0:33:05,0:30:20,3:40:56,3:40:56
40778,00427,1:13:39,0:59:17,0:33:17,0:29:53,3:40:57,3:40:57
41025,00428,1:15:26,0:59:23,0:32:46,0:28:49,3:41:02,3:41:02
41020,00429,1:14:32,0:58:41,0:34:31,0:28:59,3:41:07,3:41:07
40340,00430,1:15:09,0:59:20,0:32:15,0:28:57,3:41:19,3:41:19
40125,00431,1:14:48,0:59:29,0:33:46,0:29:05,3:41:20,3:41:20
43039,00432,1:15:06,0:59:34,0:33:50,0:29:00,3:41:30,3:41:30
40146,00433,1:11:02,0:59:05,0:36:23,0:29:33,3:41:39,3:41:39
40304,00434,1:08:14,0:55:04,0:32:24,0:35:28,3:41:44,3:41:44
40398,00435,1:13:31,0:58:52,0:33:40,0:29:50,3:41:44,3:41:44
40607,00436,1:17:19,0:59:00,0:33:13,0:29:14,3:41:48,3:41:48
40813,00437,1:13:12,0:57:21,0:33:31,0:31:52,3:41:48,3:41:48
40617,00438,1:17:20,0:59:00,0:33:13,0:29:16,3:41:50,3:41:50
40962,00439,1:17:21,0:59:00,0:33:13,0:29:15,3:41:54,3:41:54
40573,00440,1:10:38,0:56:07,0:33:00,0:33:34,3:42:19,3:42:19
40162,00441,1:15:18,1:00:24,0:33:58,0:29:01,3:42:34,3:42:34
40903,00442,1:12:44,0:57:34,0:33:23,0:29:22,3:42:35,3:42:35
40634,00443,1:13:48,0:59:49,0:33:33,0:25:39,3:42:40,3:42:40
40336,00444,1:12:19,0:59:49,0:35:07,0:31:14,3:42:40,3:42:40
43195,00445,1:16:18,1:00:24,0:34:09,0:29:25,3:43:07,3:43:07
40119,00446,1:18:13,1:01:42,0:34:42,0:23:43,3:43:09,3:43:09
43149,00447,1:16:13,0:59:45,0:33:32,0:29:43,3:43:13,3:43:13
43194,00448,1:15:22,0:58:57,0:32:43,0:29:52,3:43:15,3:43:15
40652,00449,1:15:17,0:58:59,0:32:43,0:30:02,3:43:17,3:43:17
40965,00450,1:15:06,0:59:34,0:33:50,0:29:00,3:43:19,3:43:19
43164,00451,1:13:19,1:00:42,0:34:18,0:30:37,3:43:23,3:43:23
40085,00452,1:00:43,0:52:32,0:32:18,0:53:17,3:43:23,3:43:23
40242,00453,1:15:15,0:59:54,0:33:36,0:30:27,3:43:24,3:43:24
43081,00454,1:15:54,1:00:09,0:34:08,0:29:25,3:43:29,3:43:29
40576,00455,1:16:14,0:59:45,0:33:32,0:29:57,3:43:32,3:43:32
40629,00456,1:16:06,0:58:08,0:33:33,0:30:14,3:43:42,3:43:42
40108,00457,1:13:34,0:59:35,0:33:38,0:30:32,3:43:45,3:43:45
41164,00458,1:11:25,0:56:53,0:31:22,0:35:23,3:43:46,3:43:46
40302,00459,1:15:45,1:00:14,0:34:07,0:29:54,3:43:48,3:43:48
40740,00460,1:15:46,1:00:14,0:34:07,0:29:54,3:43:49,3:43:49
40430,00461,1:15:39,1:00:16,0:34:06,0:29:27,3:43:50,3:43:50
40047,00462,1:15:54,1:00:09,0:34:07,0:29:24,3:44:05,3:44:05
40399,00463,1:09:58,0:58:56,0:34:53,0:32:14,3:44:09,3:44:09
40369,00464,1:09:50,0:56:10,0:37:39,0:33:55,3:44:24,3:44:24
40704,00465,1:11:24,0:56:02,0:32:22,0:34:37,3:44:26,3:44:26
41104,00466,1:16:04,1:00:42,0:34:13,0:30:01,3:44:31,3:44:31
43192,00467,1:16:42,1:00:47,0:33:32,0:29:22,3:44:42,3:44:42
40928,00468,1:20:07,1:01:00,0:31:45,0:28:35,3:44:45,3:44:45
40505,00469,1:15:24,1:00:05,0:34:29,0:29:48,3:44:47,3:44:47
40441,00470,1:16:50,1:00:34,0:34:19,0:29:19,3:44:58,3:44:58
40216,00471,1:14:12,1:00:22,0:34:13,0:30:39,3:45:05,3:45:05
40917,00472,1:15:04,0:59:58,0:33:43,0:31:08,3:45:05,3:45:05
40918,00473,1:12:14,0:58:16,0:34:06,0:32:00,3:45:06,3:45:06
40329,00474,1:16:03,1:00:16,0:34:11,0:29:30,3:45:21,3:45:21
40795,00475,1:14:32,0:59:00,0:34:15,0:31:02,3:45:21,3:45:21
40967,00476,1:15:50,0:59:57,0:33:51,0:29:46,3:45:26,3:45:26
40466,00477,1:11:13,0:57:49,0:38:13,0:33:05,3:45:34,3:45:34
40626,00478,1:14:16,0:58:55,0:33:26,0:30:48,3:45:36,3:45:36
40484,00479,1:18:37,1:00:20,0:33:02,0:30:12,3:45:38,3:45:38
43177,00480,1:16:06,1:00:35,0:34:31,0:29:51,3:45:40,3:45:40
40555,00481,1:15:53,1:00:12,0:34:00,0:29:52,3:45:49,3:45:49
43015,00482,1:09:34,0:56:31,0:36:05,0:35:22,3:45:49,3:45:49
40564,00483,1:18:15,1:01:41,0:34:42,0:28:38,3:45:50,3:45:50
43099,00484,1:15:25,1:00:47,0:34:14,0:30:37,3:46:08,3:46:08
40949,00485,1:17:37,1:01:37,0:34:31,0:29:34,3:46:10,3:46:10
40848,00486,1:14:43,0:59:45,0:33:58,0:31:12,3:46:18,3:46:18
40154,00487,1:08:42,1:05:06,0:35:40,0:32:47,3:46:37,3:46:37
41100,00488,1:16:04,1:00:23,0:34:09,0:29:56,3:46:45,3:46:45
40416,00489,1:16:14,1:00:23,0:34:10,0:29:51,3:46:48,3:46:48
40469,00490,1:15:39,1:00:13,0:34:09,0:31:06,3:46:57,3:46:57
43070,00491,1:15:40,1:00:41,0:35:01,0:30:31,3:46:57,3:46:57
40619,00492,1:14:50,0:59:52,0:34:12,0:31:10,3:47:16,3:47:16
40421,00493,1:15:18,1:00:35,0:34:38,0:31:31,3:47:16,3:47:16
40666,00494,1:17:39,1:00:22,0:34:49,0:30:05,3:47:26,3:47:26
40251,00495,1:18:05,1:00:19,0:34:00,0:29:56,3:47:31,3:47:31
41014,00496,1:07:17,0:57:36,0:37:02,0:34:09,3:47:33,3:47:33
40331,00497,1:16:33,0:59:20,0:34:31,0:31:24,3:47:39,3:47:39
40585,00498,1:15:55,1:00:23,0:34:15,0:30:07,3:47:52,3:47:52
40253,00499,1:14:01,0:57:31,0:32:06,0:37:04,3:47:57,3:47:57
40812,00500,1:16:51,1:00:17,0:34:29,0:30:54,3:48:16,3:48:16
40581,00501,1:16:46,1:01:06,0:34:53,0:30:10,3:48:17,3:48:17
40414,00502,1:13:13,1:00:53,0:35:53,0:32:18,3:48:20,3:48:20
40355,00503,1:11:07,0:56:54,0:41:38,0:33:48,3:48:28,3:48:28
40957,00504,1:17:08,1:00:54,0:34:23,0:30:23,3:48:31,3:48:31
40269,00505,1:13:20,1:00:41,0:36:10,0:32:03,3:48:36,3:48:36
40264,00506,1:13:21,1:00:42,0:36:09,0:32:03,3:48:36,3:48:36
41118,00507,1:16:39,0:59:52,0:34:16,0:30:21,3:48:39,3:48:39
40531,00508,1:14:29,0:58:39,0:33:30,0:33:18,3:48:39,3:48:39
40657,00509,,0:56:55,0:32:34,0:41:20,3:48:40,3:48:40
40561,00510,1:02:05,0:51:10,0:30:54,0:49:28,3:48:46,3:48:46
40159,00511,1:15:21,1:00:23,0:35:04,0:31:19,3:48:50,3:48:50
40258,00512,1:16:56,1:00:39,0:34:19,0:29:20,3:48:55,3:48:55
40692,00513,1:13:22,1:00:42,0:36:10,0:32:03,3:48:56,3:48:56
40710,00514,1:16:03,1:01:30,0:34:58,0:30:29,3:48:56,3:48:56
40395,00515,1:17:19,1:01:25,0:34:56,0:29:37,3:48:58,3:48:58
40432,00516,1:14:51,1:00:04,0:34:49,0:32:22,3:48:58,3:48:58
40218,00517,1:15:09,0:53:55,0:34:28,0:33:23,3:49:00,3:49:00
40183,00518,1:17:22,1:01:26,0:34:56,0:29:37,3:49:00,3:49:00
40592,00519,1:17:27,1:01:44,0:35:02,0:29:55,3:49:05,3:49:05
41044,00520,1:15:59,1:01:11,0:34:49,0:31:04,3:49:07,3:49:07
40274,00521,1:16:53,1:02:17,0:34:43,0:30:18,3:49:14,3:49:14
40696,00522,1:15:02,1:00:48,0:33:47,0:31:47,3:49:16,3:49:16
40648,00523,1:19:44,1:02:26,0:35:31,0:30:01,3:49:18,3:49:18
40622,00524,1:15:52,1:00:09,0:34:37,0:31:10,3:49:20,3:49:20
43075,00525,1:18:07,1:01:57,0:35:10,0:29:49,3:49:29,3:49:29
40613,00526,1:15:53,1:00:10,0:34:36,0:31:09,3:49:31,3:49:31
40460,00527,1:21:07,1:02:33,0:34:54,0:28:40,3:49:33,3:49:33
41101,00528,1:08:47,1:06:22,0:35:07,0:32:27,3:49:37,3:49:37
40417,00529,1:13:30,0:57:53,0:34:37,0:34:50,3:49:42,3:49:42
41081,00530,1:18:10,1:00:56,0:33:57,0:30:47,3:49:53,3:49:53
40954,00531,1:09:21,0:56:12,0:34:34,0:36:49,3:49:53,3:49:53
40545,00532,1:18:51,1:02:04,0:34:59,0:30:01,3:50:02,3:50:02
40824,00533,1:14:25,0:58:39,0:33:33,0:32:22,3:50:12,3:50:12
40644,00534,1:18:08,1:02:33,0:35:17,0:29:57,3:50:25,3:50:25
43027,00535,1:14:50,1:02:05,0:36:18,0:31:20,3:50:39,3:50:39
40882,00536,1:15:02,1:00:51,0:35:14,0:33:40,3:50:47,3:50:47
40470,00537,1:16:56,1:00:39,0:34:19,0:30:24,3:50:56,3:50:56
40843,00538,1:11:07,0:55:48,0:31:56,0:35:07,3:50:56,3:50:56
40393,00539,1:17:22,0:55:21,0:35:34,0:34:01,3:51:00,3:51:00
40952,00540,1:17:30,1:01:04,0:36:00,0:31:46,3:51:02,3:51:02
40571,00541,1:10:51,0:58:41,0:38:27,0:34:26,3:51:02,3:51:02
40833,00542,1:10:55,0:57:55,0:34:15,0:39:16,3:51:03,3:51:03
40079,00543,1:16:07,0:58:57,0:32:20,0:29:51,3:51:06,3:51:06
40161,00544,1:18:14,1:01:43,0:34:31,0:30:54,3:51:21,3:51:21
40265,00545,1:10:32,0:59:47,0:37:01,0:37:50,3:51:24,3:51:24
40834,00546,1:10:52,0:56:41,0:31:51,0:30:30,3:51:25,3:51:25
43086,00547,1:19:25,1:02:29,0:35:26,0:29:58,3:51:29,3:51:29
40339,00548,1:15:25,1:00:41,0:34:50,0:31:45,3:51:29,3:51:29
40435,00549,1:18:32,1:02:52,0:35:38,0:30:14,3:51:29,3:51:29
40407,00550,1:17:28,1:02:17,0:35:20,0:31:19,3:51:29,3:51:29
43122,00551,1:20:31,1:03:09,0:32:31,0:32:55,3:51:34,3:51:34
40496,00552,1:13:21,1:00:46,0:36:44,0:32:48,3:51:35,3:51:35
40442,00553,1:16:22,1:00:31,0:34:01,0:31:03,3:51:35,3:51:35
40767,00554,1:18:39,1:02:21,0:35:17,0:30:28,3:51:36,3:51:36
40772,00555,1:17:58,1:05:56,0:33:12,0:30:25,3:51:53,3:51:53
40860,00556,1:16:55,1:02:17,0:35:20,0:30:48,3:51:54,3:51:54
40338,00557,1:18:08,1:02:33,0:35:17,0:29:56,3:51:58,3:51:58
43096,00558,1:18:08,1:03:01,0:36:41,0:30:13,3:52:01,3:52:01
40519,00559,1:20:48,1:03:38,0:36:24,0:27:29,3:52:04,3:52:04
40827,00560,1:17:58,1:01:05,0:35:58,0:31:48,3:52:06,3:52:06
41232,00561,1:00:44,0:50:18,0:53:56,0:36:49,3:52:06,3:52:06
40420,00562,1:20:04,1:02:28,0:35:26,0:29:57,3:52:14,3:52:14
40700,00563,1:18:08,1:02:18,0:35:15,0:30:51,3:52:21,3:52:21
43069,00564,1:18:12,1:02:18,0:35:15,0:30:51,3:52:23,3:52:23
40524,00565,1:13:31,0:58:15,0:33:30,0:38:13,3:52:26,3:52:26
40681,00566,1:15:24,1:01:39,0:36:15,0:31:56,3:52:29,3:52:29
40322,00567,1:18:52,1:02:18,0:35:03,0:30:41,3:52:30,3:52:30
40829,00568,1:11:43,0:56:18,0:34:31,0:36:41,3:52:33,3:52:33
40429,00569,1:14:17,0:59:39,0:34:01,0:29:56,3:52:36,3:52:36
40440,00570,1:19:11,1:01:56,0:35:25,0:30:22,3:52:42,3:52:42
40880,00571,1:19:04,1:02:47,0:35:13,0:30:44,3:52:47,3:52:47
40391,00572,1:21:44,1:01:47,0:33:04,0:29:45,3:52:48,3:52:48
43041,00573,1:14:37,1:01:15,0:36:04,0:33:16,3:52:52,3:52:52
43179,00574,1:12:48,1:08:45,0:30:20,0:33:16,3:52:57,3:52:57
40525,00575,1:22:56,0:52:53,0:36:04,0:33:17,3:52:59,3:52:59
40032,00576,1:14:37,1:01:14,0:36:04,0:33:16,3:52:59,3:52:59
40703,00577,1:16:12,0:59:59,0:34:12,0:31:18,3:53:00,3:53:00
40215,00578,1:18:28,1:02:37,0:35:33,0:31:24,3:53:03,3:53:03
43064,00579,1:18:10,1:00:57,0:33:57,0:32:21,3:53:04,3:53:04
43031,00580,1:17:34,1:02:17,0:35:20,0:32:38,3:53:12,3:53:12
40835,00581,1:18:49,1:04:05,0:35:21,0:30:03,3:53:15,3:53:15
40284,00582,1:04:18,1:05:34,0:34:15,0:39:22,3:53:15,3:53:15
40682,00583,1:04:08,1:17:01,0:35:04,0:30:41,3:53:21,3:53:21
40761,00584,1:18:56,1:02:58,0:35:44,0:30:56,3:53:43,3:53:43
40667,00585,1:18:01,1:01:57,0:35:47,0:32:01,3:53:45,3:53:45
40445,00586,1:18:02,1:01:56,0:35:48,0:32:01,3:53:45,3:53:45
40598,00587,1:18:48,1:03:06,0:36:04,0:30:36,3:53:55,3:53:55
41082,00588,1:15:47,1:02:29,0:35:52,0:31:37,3:54:02,3:54:02
41152,00589,1:16:05,1:00:46,0:35:36,0:33:15,3:54:02,3:54:02
40177,00590,1:20:37,1:04:08,0:35:35,0:29:30,3:54:10,3:54:10
40515,00591,1:20:38,1:04:00,0:35:43,0:29:29,3:54:11,3:54:11
40252,00592,1:17:15,0:58:55,0:33:48,0:29:47,3:54:27,3:54:27
40433,00593,1:21:08,1:03:34,0:35:50,0:29:31,3:54:29,3:54:29
40439,00594,1:19:26,1:03:11,0:36:10,0:30:39,3:54:32,3:54:32
40649,00595,1:19:26,1:03:10,0:36:10,0:30:39,3:54:32,3:54:32
41161,00596,1:21:26,1:03:15,0:35:17,0:29:56,3:54:43,3:54:43
40811,00597,1:20:18,1:04:14,0:35:01,0:29:55,3:54:44,3:54:44
40799,00598,1:17:33,1:01:46,0:36:11,0:31:58,3:54:50,3:54:50
40396,00599,1:16:31,1:01:59,0:36:53,0:33:01,3:54:53,3:54:53
40327,00600,1:18:38,1:00:56,0:33:57,0:32:33,3:54:58,3:54:58
40758,00601,1:20:27,1:03:34,0:36:06,0:30:32,3:55:05,3:55:05
41070,00602,1:19:10,1:02:54,0:35:48,0:31:15,3:55:05,3:55:05
40051,00603,1:01:23,1:01:20,0:41:03,0:39:28,3:55:05,3:55:05
40956,00604,1:20:03,1:02:27,0:35:29,0:30:59,3:55:07,3:55:07
40376,00605,1:16:10,1:01:05,0:36:41,0:33:23,3:55:09,3:55:09
40751,00606,1:17:02,1:08:35,0:35:16,0:29:43,3:55:10,3:55:10
40222,00607,1:03:47,0:57:21,0:43:04,0:39:28,3:55:19,3:55:19
40463,00608,1:20:21,1:03:32,0:36:08,0:30:51,3:55:23,3:55:23
41233,00609,1:17:42,1:02:37,0:35:51,0:32:09,3:55:25,3:55:25
40275,00610,1:18:32,1:03:26,0:35:42,0:31:45,3:55:26,3:55:26
40135,00611,1:06:48,0:53:13,0:31:58,0:43:56,3:55:29,3:55:29
40790,00612,1:18:33,1:03:09,0:36:17,0:31:28,3:55:34,3:55:34
40659,00613,1:20:53,1:03:09,0:35:21,0:30:36,3:55:35,3:55:35
40294,00614,1:20:21,1:03:34,0:36:07,0:30:46,3:55:35,3:55:35
40383,00615,1:18:33,1:02:54,0:35:16,0:32:22,3:55:36,3:55:36
40604,00616,1:18:33,1:02:53,0:35:17,0:32:22,3:55:36,3:55:36
40739,00617,1:18:35,1:02:54,0:36:00,0:32:01,3:55:37,3:55:37
40394,00618,1:18:36,1:02:55,0:35:59,0:32:02,3:55:38,3:55:38
40144,00619,1:10:36,0:55:59,0:32:55,0:36:21,3:55:43,3:55:43
40588,00620,1:14:37,1:00:50,0:35:48,0:36:46,3:55:44,3:55:44
40556,00621,1:10:32,1:10:51,0:36:03,0:31:45,3:55:45,3:55:45
40180,00622,1:20:50,1:03:44,0:35:48,0:30:39,3:55:51,3:55:51
41093,00623,1:00:10,0:48:19,0:27:32,0:51:38,3:55:55,3:55:55
40366,00624,1:20:30,1:03:33,0:36:06,0:30:47,3:55:56,3:55:56
41215,00625,1:16:36,1:00:51,0:37:24,0:32:16,3:55:59,3:55:59
41192,00626,1:16:36,1:00:52,0:36:57,0:32:42,3:55:59,3:55:59
41220,00627,1:16:35,1:00:52,0:36:58,0:32:42,3:55:59,3:55:59
40288,00628,1:14:30,0:59:02,0:34:08,0:37:39,3:56:00,3:56:00
40424,00629,1:18:53,1:02:32,0:35:20,0:31:41,3:56:06,3:56:06
41181,00630,1:17:34,1:02:38,0:35:18,0:32:00,3:56:15,3:56:15
40641,00631,1:21:05,1:04:03,0:35:55,0:30:31,3:56:35,3:56:35
40256,00632,1:14:54,1:00:04,0:34:49,0:36:05,3:56:41,3:56:41
43061,00633,1:17:58,1:03:56,0:39:23,0:31:58,3:56:43,3:56:43
40171,00634,1:18:00,1:02:01,0:35:11,0:34:21,3:56:43,3:56:43
40508,00635,1:18:00,1:02:01,0:35:11,0:34:21,3:56:43,3:56:43
40560,00636,1:15:50,1:00:09,0:40:37,0:35:38,3:56:43,3:56:43
40443,00637,1:18:37,1:03:37,0:36:00,0:31:03,3:56:46,3:56:46
40356,00638,1:16:07,1:01:32,0:41:04,0:31:01,3:56:49,3:56:49
40363,00639,1:20:03,1:02:47,0:35:32,0:31:02,3:56:50,3:56:50
43052,00640,1:21:04,1:04:04,0:35:56,0:30:30,3:56:54,3:56:54
40200,00641,1:20:38,1:04:24,0:35:22,0:31:13,3:56:55,3:56:55
43114,00642,1:21:02,1:04:10,0:35:54,0:31:04,3:56:55,3:56:55
40478,00643,1:20:38,1:04:24,0:35:22,0:31:13,3:56:56,3:56:56
40533,00644,1:14:43,1:01:33,0:35:05,0:32:32,3:57:04,3:57:04
40427,00645,1:20:17,1:04:31,0:36:10,0:31:59,3:57:07,3:57:07
40969,00646,1:17:19,1:01:21,0:34:50,0:32:09,3:57:11,3:57:11
40832,00647,1:20:37,1:04:01,0:38:24,0:31:10,3:57:14,3:57:14
40373,00648,1:20:52,1:04:07,0:35:47,0:30:37,3:57:14,3:57:14
40540,00649,1:20:58,1:04:15,0:35:58,0:31:04,3:57:25,3:57:25
40996,00650,1:16:35,1:03:34,0:36:13,0:33:15,3:57:28,3:57:28
40117,00651,1:07:29,0:56:17,0:39:00,0:44:51,3:57:32,3:57:32
40018,00652,1:06:43,0:56:55,0:39:16,0:44:51,3:57:36,3:57:36
40837,00653,1:20:16,1:04:08,0:36:07,0:31:25,3:57:38,3:57:38
40170,00654,1:20:18,1:04:08,0:36:06,0:31:24,3:57:38,3:57:38
40883,00655,1:21:52,1:03:40,0:36:23,0:30:35,3:57:42,3:57:42
40506,00656,1:15:52,1:02:28,0:37:44,0:34:37,3:57:42,3:57:42
40697,00657,1:21:04,1:04:03,0:35:58,0:30:46,3:57:47,3:57:47
40415,00658,1:14:14,0:59:46,0:37:41,0:39:13,3:57:48,3:57:48
40236,00659,1:17:51,1:03:37,0:36:16,0:32:10,3:57:51,3:57:51
40774,00660,1:13:23,1:05:57,0:34:58,0:32:59,3:57:59,3:57:59
40138,00661,1:21:37,1:04:41,0:36:36,0:31:01,3:58:00,3:58:00
40301,00662,1:20:36,1:04:10,0:36:14,0:31:03,3:58:03,3:58:03
40836,00663,1:23:37,1:03:34,0:33:40,0:30:54,3:58:05,3:58:05
40448,00664,1:10:39,0:56:58,0:32:34,0:44:20,3:58:08,3:58:08
41169,00665,1:20:59,1:03:49,0:36:23,0:31:09,3:58:08,3:58:08
40603,00666,1:20:37,1:04:12,0:36:12,0:30:28,3:58:08,3:58:08
40521,00667,1:20:39,1:04:11,0:36:13,0:31:04,3:58:09,3:58:09
43168,00668,1:20:38,1:04:12,0:35:52,0:31:19,3:58:09,3:58:09
40342,00669,1:21:29,1:04:40,0:36:06,0:30:57,3:58:09,3:58:09
40724,00670,1:20:59,1:03:50,0:36:22,0:31:10,3:58:10,3:58:10
43178,00671,1:25:08,0:59:26,0:33:42,0:32:55,3:58:15,3:58:15
40444,00672,1:16:21,1:00:21,0:36:12,0:36:55,3:58:16,3:58:16
41103,00673,1:21:05,1:04:04,0:35:57,0:30:47,3:58:19,3:58:19
40471,00674,1:18:46,1:03:08,0:36:22,0:32:49,3:58:21,3:58:21
40201,00675,1:25:47,0:55:49,0:34:29,0:34:42,3:58:25,3:58:25
40479,00676,1:27:29,1:00:21,0:32:35,0:27:43,3:58:30,3:58:30
43186,00677,1:27:31,1:00:20,0:33:07,0:31:06,3:58:31,3:58:31
40541,00678,1:19:32,1:03:44,0:37:14,0:31:46,3:58:31,3:58:31
41142,00679,1:14:42,1:03:52,0:39:27,0:33:50,3:58:35,3:58:35
40985,00680,1:18:40,1:04:48,0:38:13,0:31:23,3:58:37,3:58:37
40625,00681,1:19:11,1:08:10,0:36:22,0:29:54,3:58:38,3:58:38
40941,00682,1:21:05,1:04:16,0:36:14,0:31:32,3:58:38,3:58:38
40702,00683,1:21:15,1:04:11,0:36:15,0:30:59,3:58:39,3:58:39
40310,00684,1:12:49,1:02:17,0:40:33,0:35:54,3:58:40,3:58:40
40826,00685,1:21:26,1:04:09,0:36:16,0:31:14,3:58:44,3:58:44
40840,00686,1:21:26,1:04:09,0:36:16,0:31:14,3:58:44,3:58:44
41110,00687,1:21:07,1:04:14,0:36:09,0:31:07,3:58:48,3:58:48
40654,00688,1:21:08,1:04:15,0:36:15,0:31:00,3:58:48,3:58:48
40243,00689,1:21:08,1:04:15,0:36:15,0:31:00,3:58:48,3:58:48
40677,00690,1:19:35,1:03:50,0:36:33,0:31:39,3:58:49,3:58:49
40640,00691,1:21:10,1:04:13,0:36:13,0:31:07,3:58:51,3:58:51
40735,00692,1:20:41,1:03:49,0:41:07,0:31:37,3:58:51,3:58:51
40384,00693,1:21:05,1:03:54,0:36:17,0:31:23,3:58:53,3:58:53
40488,00694,1:20:29,1:03:33,0:36:08,0:31:07,3:58:54,3:58:54
40816,00695,1:23:10,1:03:59,0:35:40,0:30:46,3:58:54,3:58:54
40511,00696,1:20:26,1:04:12,0:35:58,0:31:31,3:58:54,3:58:54
40737,00697,1:20:08,1:04:15,0:36:10,0:31:19,3:58:57,3:58:57
40133,00698,1:16:55,1:02:00,0:36:00,0:35:06,3:58:57,3:58:57
40577,00699,1:23:10,1:03:58,0:35:41,0:30:47,3:58:58,3:58:58
40947,00700,1:18:29,1:03:22,0:36:08,0:33:10,3:59:02,3:59:02
41171,00701,1:20:08,1:04:15,0:36:10,0:31:19,3:59:13,3:59:13
40428,00702,1:20:17,1:04:31,0:36:10,0:32:31,3:59:15,3:59:15
40245,00703,1:17:01,1:01:21,0:35:05,0:34:54,3:59:19,3:59:19
40425,00704,1:18:24,1:00:36,0:37:20,0:30:18,3:59:30,3:59:30
40820,00705,1:21:20,1:04:43,0:36:27,0:32:09,3:59:38,3:59:38
41099,00706,1:23:11,1:03:59,0:35:40,0:30:46,3:59:40,3:59:40
40548,00707,1:23:13,1:04:00,0:35:39,0:30:48,3:59:41,3:59:41
43187,00708,1:38:13,,,,3:59:48,3:59:48
41185,00709,,2:24:18,0:36:34,0:32:25,3:59:49,3:59:49
40797,00710,1:21:04,1:04:22,0:35:42,0:31:13,3:59:49,3:59:49
40412,00711,1:20:12,1:04:09,0:36:10,0:31:20,3:59:51,3:59:51
40365,00712,1:20:57,1:04:31,0:36:10,0:32:11,3:59:55,3:59:55
40791,00713,1:20:44,1:04:25,0:36:01,0:31:48,4:00:00,4:00:00
41121,00714,1:20:32,1:04:16,0:36:38,0:32:26,4:00:01,4:00:01
40809,00715,1:20:27,1:04:50,0:36:04,0:31:51,4:00:12,4:00:12
40503,00716,1:25:04,1:04:34,0:35:04,0:30:34,4:00:16,4:00:16
40431,00717,1:14:53,1:01:24,,,4:00:17,4:00:17
43169,00718,1:21:15,1:04:11,0:36:39,0:32:21,4:00:21,4:00:21
43032,00719,1:21:18,1:04:10,0:36:39,0:32:21,4:00:23,4:00:23
40630,00720,1:17:27,1:01:21,0:36:08,0:35:20,4:00:23,4:00:23
40802,00721,1:19:40,1:02:29,0:35:28,0:35:26,4:00:40,4:00:40
40375,00722,1:21:24,1:04:43,0:36:27,0:32:10,4:00:44,4:00:44
40601,00723,1:15:43,0:59:35,0:35:06,0:38:02,4:00:46,4:00:46
41043,00724,1:18:29,1:03:10,0:36:30,0:35:03,4:00:48,4:00:48
41034,00725,1:20:56,1:04:32,0:36:10,0:32:39,4:01:00,4:01:00
40535,00726,1:25:55,1:05:33,0:36:00,0:30:30,4:01:14,4:01:14
40658,00727,1:11:41,1:00:15,0:39:29,0:38:09,4:01:17,4:01:17
40197,00728,1:09:53,1:01:05,0:42:28,0:39:39,4:02:06,4:02:06
40359,00729,,,2:53:50,0:39:12,4:02:20,4:02:20
40712,00730,1:21:02,1:04:18,0:36:20,0:32:38,4:02:39,4:02:39
40850,00731,1:20:16,1:04:15,0:36:35,0:34:54,4:02:49,4:02:49
40756,00732,1:24:51,1:06:41,0:35:37,0:30:38,4:02:52,4:02:52
41140,00733,1:20:15,1:03:59,0:36:35,0:32:31,4:03:03,4:03:03
40451,00734,1:20:17,1:04:47,0:37:13,0:33:45,4:03:14,4:03:14
40595,00735,1:20:15,1:03:35,0:35:58,0:33:14,4:03:17,4:03:17
40750,00736,1:21:02,1:06:34,0:36:57,0:32:11,4:03:43,4:03:43
41148,00737,1:22:42,1:05:06,0:37:02,0:32:42,4:04:12,4:04:12
41150,00738,1:26:18,1:07:12,0:33:43,0:30:17,4:04:13,4:04:13
43188,00739,1:22:44,1:05:06,0:37:02,0:32:42,4:04:14,4:04:14
43090,00740,1:16:56,1:01:21,0:34:53,0:41:24,4:04:23,4:04:23
40784,00741,1:26:50,1:07:22,0:34:55,0:29:39,4:04:23,4:04:23
41234,00742,1:24:14,1:07:44,0:36:03,0:30:54,4:04:45,4:04:45
41117,00743,1:24:30,1:07:29,0:36:02,0:30:54,4:04:48,4:04:48
40459,00744,1:20:26,1:01:46,0:38:01,0:35:47,4:04:56,4:04:56
40600,00745,1:21:21,1:05:36,0:38:27,0:32:52,4:05:22,4:05:22
40181,00746,1:21:04,1:04:03,0:35:56,0:33:47,4:05:33,4:05:33
41114,00747,1:21:18,1:04:22,0:37:41,0:35:11,4:05:48,4:05:48
40731,00748,1:26:40,1:07:32,0:36:12,0:31:21,4:05:56,4:05:56
41197,00749,1:17:46,1:03:10,0:39:07,0:36:36,4:06:06,4:06:06
41184,00750,1:21:16,1:06:04,0:38:43,0:33:00,4:06:11,4:06:11
40794,00751,1:22:15,1:04:47,0:36:23,0:33:21,4:06:12,4:06:12
40732,00752,1:21:15,1:06:07,0:38:43,0:32:54,4:06:13,4:06:13
40859,00753,1:22:08,1:04:40,0:36:46,0:34:04,4:06:20,4:06:20
40320,00754,1:21:08,1:04:18,0:36:10,0:35:41,4:06:23,4:06:23
40590,00755,1:19:16,1:04:49,0:38:13,0:35:17,4:06:26,4:06:26
40195,00756,1:18:13,1:04:18,0:40:48,0:34:03,4:06:26,4:06:26
40953,00757,1:24:37,1:06:50,0:35:46,0:31:35,4:06:27,4:06:27
40945,00758,1:25:09,1:07:15,0:35:30,0:30:14,4:06:43,4:06:43
40072,00759,1:25:01,1:05:59,0:37:44,0:32:33,4:06:44,4:06:44
40745,00760,1:20:12,1:03:09,0:35:21,0:32:12,4:06:46,4:06:46
40210,00761,1:20:26,1:08:32,0:37:05,0:31:08,4:07:07,4:07:07
40746,00762,1:20:57,1:03:38,0:37:10,0:35:27,4:07:07,4:07:07
40319,00763,1:16:31,1:03:02,0:38:15,0:38:00,4:07:12,4:07:12
41021,00764,1:13:13,1:02:35,0:36:40,0:40:35,4:07:50,4:07:50
41205,00765,1:22:12,1:04:25,0:37:12,0:35:29,4:07:56,4:07:56
40664,00766,1:22:13,1:04:26,0:37:12,0:35:29,4:07:56,4:07:56
43051,00767,1:22:13,1:04:26,0:37:12,0:35:29,4:07:56,4:07:56
41048,00768,1:25:57,1:06:56,0:37:31,0:31:42,4:08:06,4:08:06
40357,00769,1:25:38,1:07:23,0:37:36,0:31:05,4:08:12,4:08:12
41053,00770,1:23:04,1:03:11,0:36:31,0:32:56,4:08:30,4:08:30
40527,00771,1:22:40,1:05:57,0:37:35,0:33:16,4:08:32,4:08:32
40804,00772,1:15:41,1:02:09,0:40:37,0:37:44,4:08:36,4:08:36
40642,00773,1:21:08,1:04:17,0:36:11,0:35:40,4:08:37,4:08:37
40364,00774,1:20:04,1:02:35,0:38:16,0:34:53,4:08:49,4:08:49
43109,00775,1:25:58,1:08:31,0:38:08,0:31:48,4:08:54,4:08:54
40738,00776,1:20:29,1:04:14,0:38:11,0:36:48,4:08:59,4:08:59
40909,00777,1:15:43,1:05:02,0:40:13,0:35:21,4:09:05,4:09:05
40107,00778,1:18:02,1:04:39,0:36:09,0:35:37,4:09:06,4:09:06
40856,00779,1:24:40,1:06:24,0:37:25,0:33:22,4:09:12,4:09:12
43019,00780,1:21:50,1:03:40,0:42:38,0:33:29,4:09:12,4:09:12
40849,00781,1:20:39,1:04:10,0:36:23,0:37:08,4:09:14,4:09:14
40214,00782,1:21:03,1:03:55,0:36:18,0:38:11,4:09:22,4:09:22
40438,00783,1:24:52,1:07:23,0:38:11,0:32:32,4:09:27,4:09:27
40068,00784,1:20:26,1:01:46,0:38:02,0:43:40,4:09:32,4:09:32
40938,00785,1:18:09,1:08:53,0:40:49,0:33:27,4:09:32,4:09:32
43082,00786,1:18:37,1:04:49,0:39:07,0:39:03,4:09:37,4:09:37
43180,00787,1:22:18,1:06:32,0:37:19,0:35:28,4:09:38,4:09:38
43080,00788,1:18:33,1:03:08,0:38:25,0:35:45,4:09:40,4:09:40
40482,00789,1:11:13,0:58:58,0:40:28,0:41:56,4:09:41,4:09:41
40199,00790,1:12:57,1:02:57,0:46:50,0:36:34,4:09:53,4:09:53
40422,00791,1:20:59,1:04:11,0:35:55,0:32:18,4:09:54,4:09:54
40847,00792,1:23:10,1:05:01,0:37:24,0:36:30,4:10:27,4:10:27
40780,00793,1:16:55,0:59:47,0:34:01,0:30:51,4:10:39,4:10:39
40074,00794,1:13:03,0:58:18,0:39:20,0:30:56,4:10:47,4:10:47
40096,00795,1:21:18,1:03:48,0:35:51,0:32:47,4:10:54,4:10:54
40075,00796,1:24:53,1:06:58,0:37:37,0:33:30,4:10:58,4:10:58
40976,00797,1:30:09,1:06:26,0:35:59,0:31:30,4:11:01,4:11:01
43112,00798,1:21:09,1:06:38,0:38:51,0:34:50,4:11:05,4:11:05
40423,00799,1:21:04,1:04:16,0:37:31,0:38:56,4:11:19,4:11:19
40468,00800,1:13:18,1:00:48,0:44:45,0:40:28,4:11:22,4:11:22
40575,00801,1:15:28,1:02:47,0:38:20,0:41:37,4:11:35,4:11:35
40695,00802,,2:33:04,0:36:52,0:33:48,4:11:36,4:11:36
40699,00803,1:19:14,1:05:47,0:38:31,0:36:59,4:11:37,4:11:37
40934,00804,1:25:29,1:08:28,0:38:37,0:33:09,4:11:43,4:11:43
40362,00805,1:24:07,1:06:45,0:38:48,0:32:56,4:11:56,4:11:56
40736,00806,1:27:10,1:07:04,0:36:40,0:33:58,4:11:59,4:11:59
40647,00807,1:19:41,1:03:06,0:36:51,0:36:32,4:12:16,4:12:16
43143,00808,1:16:20,1:02:53,0:43:32,0:40:12,4:12:27,4:12:27
43059,00809,1:25:29,1:08:27,0:38:38,0:33:09,4:12:38,4:12:38
41204,00810,1:08:55,1:23:30,0:45:16,0:27:18,4:12:43,4:12:43
40627,00811,1:26:36,1:08:28,0:39:19,0:33:42,4:12:44,4:12:44
40437,00812,1:26:11,1:07:24,0:38:23,0:33:10,4:12:45,4:12:45
41155,00813,1:24:53,1:07:37,0:38:32,0:33:21,4:13:00,4:13:00
40380,00814,1:20:40,1:07:37,0:40:51,0:35:28,4:13:23,4:13:23
40708,00815,1:13:25,1:02:56,0:40:37,0:41:30,4:13:27,4:13:27
40932,00816,1:20:23,1:03:33,,1:03:26,4:13:28,4:13:28
40645,00817,1:15:59,1:00:20,0:38:55,0:40:53,4:13:33,4:13:33
43102,00818,1:23:28,1:06:32,0:38:38,0:34:50,4:13:35,4:13:35
40203,00819,1:06:26,1:05:34,0:41:36,0:37:03,4:13:40,4:13:40
40618,00820,1:10:02,1:06:40,0:45:48,0:39:10,4:13:41,4:13:41
43108,00821,1:20:55,1:05:27,0:40:07,0:37:44,4:13:58,4:13:58
40749,00822,1:20:23,1:05:40,0:40:55,0:36:15,4:14:04,4:14:04
40328,00823,1:25:44,1:07:47,0:37:53,0:34:05,4:14:24,4:14:24
40951,00824,1:21:04,1:04:02,0:36:32,0:39:03,4:14:49,4:14:49
40771,00825,1:26:27,1:06:28,0:37:46,0:34:02,4:14:50,4:14:50
43191,00826,1:22:27,1:05:06,0:38:24,0:35:35,4:14:53,4:14:53
40481,00827,1:26:26,1:06:29,0:37:46,0:34:03,4:14:55,4:14:55
41098,00828,1:21:21,1:05:57,0:37:48,0:35:22,4:15:06,4:15:06
41072,00829,1:19:17,1:03:20,0:38:16,0:45:51,4:15:06,4:15:06
40176,00830,1:20:38,1:04:10,0:41:13,0:39:18,4:15:11,4:15:11
41211,00831,1:21:07,1:04:03,0:35:58,0:34:41,4:15:21,4:15:21
40559,00832,1:23:24,1:03:52,0:35:56,0:34:59,4:15:30,4:15:30
40979,00833,1:26:55,1:07:31,0:38:19,0:34:06,4:15:37,4:15:37
43151,00834,1:26:53,1:07:33,0:38:20,0:34:05,4:15:37,4:15:37
41005,00835,1:25:43,1:09:18,0:38:55,0:34:14,4:15:39,4:15:39
40179,00836,1:25:33,1:07:44,0:38:08,0:34:35,4:15:52,4:15:52
43197,00837,1:25:59,1:07:31,0:38:42,0:34:04,4:16:05,4:16:05
40500,00838,1:13:36,1:00:49,0:35:14,0:41:24,4:16:14,4:16:14
40321,00839,1:20:58,1:03:56,0:36:14,0:35:24,4:16:16,4:16:16
40202,00840,1:17:29,1:05:39,0:44:20,0:39:19,4:16:46,4:16:46
40334,00841,1:20:48,1:04:20,0:38:14,0:39:27,4:17:00,4:17:00
40989,00842,1:24:30,1:09:04,0:39:00,0:36:05,4:17:29,4:17:29
41141,00843,1:26:24,1:09:30,0:39:06,0:34:08,4:17:31,4:17:31
41224,00844,1:27:22,1:08:37,0:39:02,0:34:17,4:17:34,4:17:34
43120,00845,1:27:27,1:07:04,0:41:19,0:33:32,4:17:36,4:17:36
43058,00846,1:26:05,1:07:54,0:41:50,0:34:11,4:17:56,4:17:56
43157,00847,1:30:18,1:10:16,0:39:12,0:32:45,4:18:14,4:18:14
40999,00848,1:30:19,1:10:17,0:39:11,0:32:32,4:18:15,4:18:15
40516,00849,1:23:26,1:03:55,0:36:15,0:41:01,4:18:21,4:18:21
40389,00850,1:18:01,1:02:19,0:36:30,0:40:09,4:18:28,4:18:28
43044,00851,1:18:01,1:02:19,0:36:26,0:40:13,4:18:38,4:18:38
40686,00852,1:23:16,1:04:57,0:39:55,0:36:38,4:18:42,4:18:42
40970,00853,1:24:19,1:07:57,0:39:41,0:38:30,4:18:42,4:18:42
40473,00854,1:23:29,1:09:05,0:41:11,0:35:22,4:18:44,4:18:44
40406,00855,1:22:55,1:04:52,0:36:25,0:40:48,4:18:59,4:18:59
40763,00856,1:23:01,1:04:52,0:36:53,0:40:19,4:19:01,4:19:01
40528,00857,1:20:53,1:05:16,0:39:22,0:39:35,4:19:02,4:19:02
40219,00858,1:20:53,1:05:16,0:39:22,0:39:36,4:19:02,4:19:02
43030,00859,1:23:04,1:04:52,0:36:53,0:40:20,4:19:02,4:19:02
40858,00860,1:23:55,1:14:21,0:40:34,0:32:56,4:19:07,4:19:07
43035,00861,1:20:36,1:07:11,0:42:04,0:38:54,4:19:11,4:19:11
40465,00862,1:24:18,1:08:50,0:41:11,0:35:21,4:19:12,4:19:12
41230,00863,1:26:20,1:09:37,0:39:10,0:35:14,4:19:12,4:19:12
43089,00864,1:24:21,1:08:50,0:41:10,0:35:22,4:19:13,4:19:13
40517,00865,1:16:00,1:04:33,0:42:45,0:41:08,4:19:26,4:19:26
43167,00866,1:28:41,1:12:35,0:38:13,0:33:58,4:19:27,4:19:27
41009,00867,1:26:31,1:06:46,0:38:16,0:36:25,4:19:41,4:19:41
41165,00868,1:29:45,1:07:42,0:38:35,0:34:34,4:19:49,4:19:49
40806,00869,1:29:01,1:10:35,0:38:12,0:33:52,4:20:33,4:20:33
43124,00870,1:24:01,1:10:02,0:40:37,0:38:03,4:21:20,4:21:20
43140,00871,1:22:44,1:06:33,0:40:36,0:39:34,4:21:37,4:21:37
41019,00872,1:27:28,1:09:52,0:39:44,0:35:34,4:22:07,4:22:07
40752,00873,1:18:47,1:06:45,0:39:03,0:39:22,4:22:22,4:22:22
43145,00874,1:29:22,1:10:08,0:39:36,0:34:32,4:22:26,4:22:26
41028,00875,1:25:47,1:05:54,0:38:41,0:37:52,4:22:35,4:22:35
41186,00876,1:30:46,1:10:01,0:38:50,0:33:48,4:22:41,4:22:41
41015,00877,1:31:30,1:10:10,0:38:21,0:34:43,4:23:00,4:23:00
40486,00878,1:31:30,1:10:11,0:38:20,0:34:43,4:23:00,4:23:00
40655,00879,1:27:29,1:09:51,0:39:45,0:35:34,4:23:04,4:23:04
40628,00880,1:14:34,1:06:24,0:45:03,0:43:45,4:23:05,4:23:05
43139,00881,1:28:57,1:09:54,0:40:55,0:34:57,4:23:05,4:23:05
40656,00882,1:17:56,1:11:55,0:44:31,0:38:31,4:23:27,4:23:27
43155,00883,1:24:56,1:09:51,0:41:11,0:38:27,4:23:35,4:23:35
40810,00884,1:24:11,1:08:26,0:42:22,0:36:52,4:23:46,4:23:46
40754,00885,1:27:46,1:08:32,0:39:07,0:36:17,4:24:01,4:24:01
40937,00886,1:27:47,1:08:32,0:39:06,0:36:17,4:24:02,4:24:02
40673,00887,1:30:23,1:11:39,0:41:03,0:34:47,4:24:10,4:24:10
40825,00888,1:21:37,1:06:17,0:40:53,0:39:35,4:24:11,4:24:11
40345,00889,1:27:24,1:13:23,0:40:42,0:34:49,4:24:14,4:24:14
43183,00890,1:29:28,1:14:10,0:37:39,0:33:55,4:24:16,4:24:16
40456,00891,1:20:31,1:04:25,0:47:03,0:40:31,4:24:49,4:24:49
41130,00892,1:15:02,1:03:01,0:48:18,0:43:46,4:24:51,4:24:51
40493,00893,1:27:14,1:13:06,0:36:43,0:35:40,4:25:04,4:25:04
43105,00894,1:19:34,1:04:58,0:40:31,0:39:07,4:25:06,4:25:06
40785,00895,1:27:20,1:13:07,0:36:42,0:35:40,4:25:07,4:25:07
40457,00896,1:19:53,1:04:57,0:40:31,0:39:07,4:25:15,4:25:15
40349,00897,1:18:58,1:05:07,0:37:32,0:41:14,4:25:23,4:25:23
40842,00898,1:29:06,1:11:13,0:39:28,0:35:24,4:25:47,4:25:47
43118,00899,1:18:32,1:06:24,0:43:23,0:42:15,4:26:03,4:26:03
41024,00900,1:20:20,1:05:06,0:41:25,0:46:39,4:26:09,4:26:09
40729,00901,1:30:52,1:12:55,0:38:49,0:34:54,4:26:13,4:26:13
40542,00902,1:21:55,1:05:11,0:37:23,0:40:20,4:26:16,4:26:16
40838,00903,1:23:49,1:06:06,0:40:06,0:44:32,4:26:30,4:26:30
43196,00904,1:31:11,1:12:20,0:40:50,0:34:53,4:26:36,4:26:36
40993,00905,1:28:39,1:11:34,0:41:13,0:36:21,4:26:50,4:26:50
41057,00906,1:25:31,1:07:43,0:42:23,0:39:11,4:27:00,4:27:00
41196,00907,1:31:09,1:12:24,0:40:48,0:34:41,4:27:04,4:27:04
41198,00908,1:26:34,1:08:45,0:40:09,0:36:22,4:27:07,4:27:07
43193,00909,1:31:07,1:12:24,0:40:49,0:35:45,4:27:07,4:27:07
41189,00910,1:26:34,1:08:46,0:40:13,0:39:51,4:27:08,4:27:08
41176,00911,1:31:09,1:12:24,0:40:50,0:34:53,4:27:08,4:27:08
40584,00912,1:14:39,1:12:53,0:45:04,0:43:59,4:27:14,4:27:14
40501,00913,1:25:22,1:10:19,0:41:24,0:37:15,4:27:17,4:27:17
43131,00914,1:31:29,1:12:23,0:40:46,0:34:42,4:27:22,4:27:22
41000,00915,,2:30:05,0:40:35,0:39:34,4:27:29,4:27:29
40846,00916,1:26:21,1:10:06,0:42:06,0:37:00,4:27:33,4:27:33
40064,00917,1:10:34,1:09:58,0:47:21,0:46:56,4:27:37,4:27:37
43093,00918,1:20:40,1:04:08,0:41:09,0:46:40,4:27:38,4:27:38
41108,00919,1:23:07,1:05:47,0:42:13,0:40:28,4:27:44,4:27:44
40743,00920,1:25:23,1:08:39,0:40:59,0:39:43,4:27:49,4:27:49
43132,00921,1:33:44,1:11:09,0:40:28,0:34:16,4:28:01,4:28:01
40350,00922,1:21:47,1:14:24,0:44:05,0:37:21,4:28:09,4:28:09
41182,00923,1:29:55,1:08:52,0:38:56,0:36:04,4:28:14,4:28:14
40789,00924,1:29:56,1:08:53,0:38:58,0:36:02,4:28:15,4:28:15
40733,00925,1:25:30,1:07:40,0:42:25,0:39:12,4:28:29,4:28:29
40830,00926,1:20:31,1:04:01,0:37:13,0:47:59,4:28:31,4:28:31
43100,00927,1:25:04,1:13:57,0:40:43,0:38:07,4:28:31,4:28:31
40857,00928,1:28:52,1:11:48,0:41:00,0:36:15,4:28:32,4:28:32
43137,00929,1:29:21,1:12:37,0:41:14,0:35:50,4:28:34,4:28:34
40693,00930,1:21:05,1:04:07,0:45:20,0:44:49,4:28:37,4:28:37
41018,00931,1:25:02,1:07:27,0:38:30,0:44:25,4:28:48,4:28:48
40324,00932,1:31:51,1:13:01,0:40:41,0:34:53,4:28:51,4:28:51
40844,00933,1:31:32,1:17:11,0:39:28,0:33:59,4:28:55,4:28:55
40612,00934,1:21:51,1:04:02,0:42:41,0:47:35,4:28:57,4:28:57
43129,00935,1:29:19,1:12:12,0:41:01,0:36:37,4:28:57,4:28:57
40688,00936,1:32:44,1:11:20,0:40:29,0:34:17,4:29:21,4:29:21
41191,00937,1:32:22,1:11:46,0:40:25,0:36:29,4:29:25,4:29:25
40920,00938,,,,0:00:02,4:29:27,4:29:27
40940,00939,1:28:57,1:12:13,0:41:01,0:37:30,4:29:32,4:29:32
40307,00940,1:16:47,1:04:53,0:46:12,0:43:49,4:29:33,4:29:33
41011,00941,1:27:41,1:07:54,0:41:59,0:39:39,4:29:35,4:29:35
40926,00942,1:31:07,1:11:59,0:41:44,0:36:12,4:29:38,4:29:38
40185,00943,1:18:44,1:06:21,0:44:04,0:47:28,4:29:47,4:29:47
40683,00944,1:28:35,1:11:47,0:41:46,0:37:48,4:29:48,4:29:48
40861,00945,1:18:44,1:06:22,0:44:03,0:47:28,4:29:48,4:29:48
41008,00946,1:20:17,1:04:14,0:36:35,0:42:17,4:29:57,4:29:57
40734,00947,1:20:53,1:05:26,0:40:07,0:41:13,4:29:59,4:29:59
40544,00948,1:10:53,0:56:21,0:40:09,1:02:20,4:30:10,4:30:10
40566,00949,1:21:17,1:05:57,0:37:46,0:44:33,4:30:14,4:30:14
40977,00950,1:33:09,1:14:24,0:38:05,0:33:48,4:30:33,4:30:33
40502,00951,,2:42:21,0:41:00,0:41:07,4:30:42,4:30:42
41120,00952,1:35:09,1:15:00,0:40:47,0:32:54,4:31:15,4:31:15
41042,00953,1:21:38,1:05:41,0:43:45,0:43:06,4:31:20,4:31:20
41137,00954,1:29:15,1:12:06,0:41:41,0:37:39,4:31:29,4:31:29
40741,00955,1:25:51,1:10:54,0:45:23,0:38:24,4:31:40,4:31:40
40273,00956,1:30:22,1:15:13,0:43:03,0:36:20,4:32:08,4:32:08
40615,00957,1:30:23,1:15:13,0:43:02,0:36:20,4:32:14,4:32:14
41134,00958,,1:09:30,0:39:26,0:36:26,4:32:16,4:32:16
40611,00959,1:32:51,1:14:58,0:42:03,0:35:00,4:32:39,4:32:39
40174,00960,1:30:26,1:11:45,0:41:33,0:37:40,4:32:49,4:32:49
41075,00961,1:30:00,1:18:22,0:40:12,0:37:02,4:32:52,4:32:52
40757,00962,1:29:07,1:13:26,0:55:10,,4:32:59,4:32:59
40978,00963,1:32:20,1:12:44,0:41:26,0:37:03,4:33:00,4:33:00
40056,00964,1:01:06,0:49:34,,,4:33:06,4:33:06
40818,00965,1:28:44,1:10:29,0:41:35,0:38:54,4:33:30,4:33:30
41055,00966,1:33:40,1:14:38,0:41:45,0:35:00,4:33:32,4:33:32
40635,00967,1:33:40,1:14:39,0:41:44,0:35:01,4:33:32,4:33:32
40563,00968,1:27:12,1:10:39,0:43:52,0:39:44,4:33:43,4:33:43
40936,00969,1:32:55,1:14:24,0:40:48,0:35:45,4:33:46,4:33:46
41047,00970,1:27:54,1:09:41,0:42:03,0:41:22,4:33:56,4:33:56
40241,00971,1:10:32,0:59:15,0:58:46,0:49:30,4:34:34,4:34:34
40139,00972,1:28:50,1:12:36,0:41:02,0:38:02,4:34:48,4:34:48
40764,00973,1:20:25,1:03:34,0:40:55,0:54:26,4:35:14,4:35:14
40929,00974,1:18:14,1:08:30,,1:30:44,4:35:28,4:35:28
40923,00975,1:31:27,1:12:25,0:41:59,0:38:13,4:35:30,4:35:30
40730,00976,1:28:02,1:09:37,0:42:25,0:44:39,4:35:31,4:35:31
43133,00977,1:28:30,1:15:21,0:40:43,0:41:18,4:35:33,4:35:33
40553,00978,1:31:51,1:13:00,0:40:42,0:34:54,4:35:37,4:35:37
40538,00979,1:11:22,1:07:30,0:52:18,0:47:34,4:36:31,4:36:31
40260,00980,1:33:20,1:12:54,0:40:18,0:37:35,4:36:34,4:36:34
43173,00981,1:26:38,1:11:15,0:42:24,0:40:23,4:36:35,4:36:35
41131,00982,1:33:12,1:14:35,0:42:35,0:36:12,4:36:50,4:36:50
40646,00983,1:20:43,1:07:05,0:45:32,0:44:01,4:37:16,4:37:16
40579,00984,1:34:11,1:15:20,0:41:56,0:36:31,4:37:19,4:37:19
41058,00985,1:28:40,1:12:25,0:43:51,0:40:41,4:37:41,4:37:41
40744,00986,1:34:44,1:15:10,0:41:32,0:37:13,4:37:41,4:37:41
43110,00987,1:34:44,1:15:10,0:41:31,0:37:14,4:37:42,4:37:42
40831,00988,1:28:14,1:13:55,0:43:23,0:40:39,4:38:02,4:38:02
40716,00989,1:30:25,1:12:56,0:42:31,0:38:21,4:38:12,4:38:12
43106,00990,1:24:26,1:07:54,0:46:26,0:41:25,4:38:18,4:38:18
40822,00991,1:39:25,1:17:13,0:40:39,0:33:20,4:38:35,4:38:35
40520,00992,1:35:08,1:14:49,0:42:27,0:36:18,4:38:45,4:38:45
40053,00993,1:35:09,1:14:51,0:42:24,0:36:22,4:38:45,4:38:45
41049,00994,1:14:41,1:13:57,0:51:10,0:44:03,4:38:49,4:38:49
40514,00995,1:25:43,1:09:18,0:42:37,0:45:39,4:38:55,4:38:55
40815,00996,1:23:12,1:08:18,0:45:20,0:42:34,4:38:55,4:38:55
40974,00997,1:43:52,1:15:16,0:37:13,0:32:39,4:39:07,4:39:07
41027,00998,1:23:09,1:08:37,0:45:03,0:45:39,4:39:26,4:39:26
40318,00999,1:22:36,1:12:15,0:46:23,0:42:37,4:39:36,4:39:36
40983,01000,1:28:57,1:11:54,0:40:21,0:41:54,4:39:51,4:39:51
41190,01001,1:30:44,1:12:24,0:42:33,0:41:17,4:40:23,4:40:23
43138,01002,1:30:57,1:12:53,0:40:43,0:41:44,4:40:29,4:40:29
43095,01003,1:29:06,1:15:55,0:43:28,0:39:03,4:41:06,4:41:06
41210,01004,1:32:17,1:15:01,0:43:56,0:37:39,4:41:27,4:41:27
41105,01005,1:29:32,1:12:35,0:41:33,0:40:38,4:41:39,4:41:39
40851,01006,1:30:32,1:11:39,0:45:02,0:41:55,4:41:46,4:41:46
40102,01007,1:00:45,0:57:59,1:03:07,0:55:46,4:42:46,4:42:46
40565,01008,1:26:42,1:11:28,0:47:22,0:44:32,4:42:59,4:42:59
41062,01009,1:18:11,1:09:18,0:45:50,0:50:36,4:43:22,4:43:22
40388,01010,1:38:08,1:15:59,0:38:52,0:38:29,4:43:38,4:43:38
40410,01011,1:21:06,1:04:04,0:35:55,0:45:33,4:43:44,4:43:44
40286,01012,1:15:56,1:11:06,0:37:14,0:56:38,4:43:59,4:43:59
40768,01013,1:26:35,1:08:44,0:44:26,0:42:43,4:44:01,4:44:01
43101,01014,1:33:32,1:13:57,0:45:34,0:36:59,4:44:02,4:44:02
43134,01015,1:47:52,1:09:42,0:39:49,0:35:40,4:44:33,4:44:33
40715,01016,1:43:07,1:16:14,0:43:30,0:33:59,4:44:50,4:44:50
40691,01017,1:33:46,1:16:07,0:44:23,0:39:05,4:45:23,4:45:23
41037,01018,1:31:25,1:14:11,0:44:47,0:42:16,4:46:06,4:46:06
40680,01019,1:34:34,1:18:13,0:42:30,0:38:56,4:46:28,4:46:28
43189,01020,1:30:00,1:15:53,0:44:53,0:44:26,4:46:42,4:46:42
40925,01021,,,,,4:46:55,4:46:55
40966,01022,1:24:05,1:06:29,0:45:10,0:53:45,4:46:55,4:46:55
43190,01023,1:26:19,1:19:56,0:47:14,0:41:25,4:47:06,4:47:06
40819,01024,1:19:01,1:08:17,0:45:20,0:49:32,4:47:08,4:47:08
40684,01025,1:34:27,1:13:05,0:43:17,0:41:38,4:47:27,4:47:27
41109,01026,1:24:10,1:11:17,0:49:20,0:45:21,4:47:51,4:47:51
40638,01027,1:20:45,1:14:55,0:49:19,0:46:57,4:47:53,4:47:53
41143,01028,1:26:33,1:08:47,0:44:52,0:49:51,4:48:00,4:48:00
41029,01029,1:32:44,1:14:40,0:43:04,0:43:08,4:48:14,4:48:14
40727,01030,1:30:12,1:15:33,0:45:03,0:43:08,4:48:22,4:48:22
43150,01031,1:39:04,1:16:46,,1:21:59,4:48:22,4:48:22
40728,01032,1:30:11,1:15:33,0:45:02,0:43:08,4:48:23,4:48:23
43146,01033,1:39:04,1:16:47,0:43:36,0:38:23,4:48:24,4:48:24
43144,01034,1:39:05,1:16:48,0:43:35,0:38:23,4:48:30,4:48:30
40721,01035,1:28:09,1:14:03,0:44:46,0:41:13,4:48:33,4:48:33
40314,01036,1:13:07,1:09:23,0:45:22,0:55:28,4:48:46,4:48:46
43047,01037,1:30:45,1:15:40,0:45:23,0:44:14,4:49:04,4:49:04
40690,01038,1:35:58,1:17:23,0:43:09,0:40:48,4:49:33,4:49:33
41139,01039,1:42:58,1:27:50,,,4:49:36,4:49:36
40348,01040,1:42:59,1:27:50,0:25:30,0:40:48,4:49:39,4:49:39
41180,01041,1:26:10,1:07:25,0:46:06,0:49:29,4:49:42,4:49:42
40987,01042,1:34:01,1:16:24,0:44:25,0:40:52,4:50:03,4:50:03
40675,01043,1:31:56,1:15:31,0:42:57,0:40:33,4:50:12,4:50:12
40998,01044,1:35:22,1:18:15,0:43:19,0:39:07,4:50:18,4:50:18
43020,01045,1:36:18,1:19:10,0:44:29,0:38:24,4:50:23,4:50:23
40959,01046,1:36:20,1:19:08,0:44:31,0:38:24,4:50:23,4:50:23
43128,01047,,1:12:41,0:43:49,0:40:43,4:50:42,4:50:42
43136,01048,1:34:21,1:18:35,0:45:34,0:39:04,4:50:52,4:50:52
40943,01049,1:34:14,1:18:42,0:45:34,0:39:05,4:50:52,4:50:52
40725,01050,1:35:54,1:18:34,0:43:55,0:40:45,4:51:28,4:51:28
40551,01051,1:25:14,1:13:32,0:50:44,0:44:54,4:52:23,4:52:23
43156,01052,1:33:32,1:18:51,0:45:51,0:39:54,4:52:44,4:52:44
40609,01053,1:15:45,1:06:46,0:50:20,0:54:56,4:52:52,4:52:52
40678,01054,1:36:10,1:16:29,0:46:43,0:38:49,4:52:55,4:52:55
41163,01055,1:14:53,1:08:11,0:49:52,0:55:14,4:52:57,4:52:57
41045,01056,1:35:19,1:15:52,0:44:41,0:41:42,4:53:06,4:53:06
40950,01057,,2:46:26,0:48:15,0:43:05,4:53:16,4:53:16
40776,01058,1:41:07,1:18:14,0:44:54,0:38:57,4:53:21,4:53:21
40762,01059,1:35:38,1:14:47,0:46:15,0:41:09,4:53:36,4:53:36
40512,01060,1:32:50,1:14:59,0:49:52,0:40:22,4:54:04,4:54:04
41126,01061,1:25:13,1:21:00,0:49:35,0:43:04,4:54:05,4:54:05
40480,01062,1:37:15,1:16:36,0:45:29,0:41:10,4:54:13,4:54:13
41074,01063,,,,,4:54:16,4:54:16
40246,01064,1:32:07,1:15:53,0:43:51,0:43:09,4:54:23,4:54:23
40297,01065,1:32:18,1:15:53,0:43:51,0:43:09,4:54:28,4:54:28
40854,01066,1:21:05,1:04:22,0:48:45,0:58:32,4:54:59,4:54:59
40841,01067,1:26:49,1:11:23,0:53:47,0:46:13,4:55:13,4:55:13
40078,01068,1:35:30,1:17:03,0:46:28,0:41:11,4:55:20,4:55:20
40689,01069,1:32:41,1:15:29,0:44:25,0:44:30,4:55:24,4:55:24
43165,01070,1:38:08,1:18:00,0:46:28,0:40:16,4:55:38,4:55:38
41056,01071,1:33:08,1:18:26,0:45:30,0:41:50,4:55:44,4:55:44
40660,01072,1:35:30,1:17:51,0:45:43,0:42:35,4:56:06,4:56:06
40766,01073,1:24:34,1:20:25,0:50:06,0:46:44,4:56:09,4:56:09
43148,01074,1:31:49,1:23:17,0:49:13,0:41:04,4:56:28,4:56:28
40404,01075,,2:59:24,0:45:17,0:39:20,4:56:28,4:56:28
43062,01076,1:31:52,1:15:24,0:46:56,0:46:28,4:56:34,4:56:34
40281,01077,1:35:51,1:19:07,0:44:30,0:41:27,4:56:40,4:56:40
40862,01078,1:38:21,1:22:45,0:42:50,0:40:24,4:56:47,4:56:47
40232,01079,1:44:52,,,,4:56:59,4:56:59
43060,01080,,3:00:25,0:45:04,0:39:25,4:57:42,4:57:42
41136,01081,1:28:58,1:14:05,0:49:14,0:48:36,4:57:43,4:57:43
43088,01082,1:43:11,1:17:51,0:43:07,0:40:25,4:57:53,4:57:53
41200,01083,1:43:11,1:19:52,0:45:46,0:37:12,4:57:53,4:57:53
40277,01084,1:39:39,1:18:35,0:47:33,0:38:55,4:57:53,4:57:53
40769,01085,1:26:20,1:08:38,0:42:09,1:00:48,4:57:54,4:57:54
40487,01086,1:13:40,1:13:38,0:56:37,0:53:50,4:58:00,4:58:00
40855,01087,1:30:02,1:19:23,0:53:33,0:40:21,4:58:05,4:58:05
40753,01088,1:33:56,1:17:52,0:44:42,0:43:29,4:58:45,4:58:45
40960,01089,1:31:10,1:18:57,0:53:22,0:42:12,4:58:50,4:58:50
41054,01090,1:40:41,1:17:57,0:46:21,0:40:16,4:58:57,4:58:57
41026,01091,1:35:55,1:14:30,0:46:00,0:46:00,4:59:00,4:59:00
41080,01092,1:35:38,1:17:54,0:48:12,0:43:50,4:59:04,4:59:04
40914,01093,1:29:49,1:12:10,0:41:03,0:51:39,4:59:07,4:59:07
43166,01094,1:34:08,1:20:27,0:47:35,0:43:49,4:59:16,4:59:16
43170,01095,1:32:08,1:19:14,0:50:29,0:44:07,4:59:27,4:59:27
41051,01096,1:26:10,1:17:54,0:50:44,0:45:43,4:59:59,4:59:59
40698,01097,1:12:32,1:17:57,1:02:37,0:48:16,5:00:16,5:00:16
40801,01098,1:32:00,1:14:24,0:43:35,0:54:50,5:01:46,5:01:46
41071,01099,1:25:09,1:14:11,0:55:55,0:48:28,5:01:47,5:01:47
41138,01100,1:40:31,1:19:17,0:45:16,0:41:54,5:02:13,5:02:13
40944,01101,,2:47:24,1:04:01,,5:03:05,5:03:05
40485,01102,1:33:03,1:17:27,0:50:11,0:44:00,5:03:13,5:03:13
40494,01103,1:34:26,1:16:50,0:45:09,0:48:55,5:03:36,5:03:36
41010,01104,1:29:18,1:18:36,0:52:38,0:46:32,5:04:07,5:04:07
41149,01105,1:22:40,1:05:05,0:38:30,1:05:32,5:05:09,5:05:09
41231,01106,,2:24:10,0:46:36,1:01:09,5:05:11,5:05:11
40992,01107,1:33:03,1:21:07,0:51:03,0:46:48,5:05:30,5:05:30
40467,01108,1:22:34,1:25:57,0:56:06,0:49:10,5:05:34,5:05:34
40112,01109,1:38:53,1:17:58,0:47:22,0:45:04,5:06:17,5:06:17
40495,01110,1:30:41,1:13:18,0:45:47,0:56:42,5:06:41,5:06:41
40639,01111,1:30:45,1:13:17,0:45:47,0:56:42,5:06:42,5:06:42
41083,01112,1:35:04,1:19:29,0:47:34,0:44:48,5:06:44,5:06:44
40807,01113,1:22:40,1:22:29,0:46:19,0:54:32,5:07:15,5:07:15
41087,01114,1:42:45,1:21:51,0:46:57,0:41:52,5:08:00,5:08:00
40853,01115,1:41:29,1:18:09,0:44:56,0:44:51,5:08:13,5:08:13
40662,01116,1:36:08,1:24:38,0:50:42,0:39:37,5:08:25,5:08:25
40714,01117,1:30:11,1:17:35,0:50:27,0:47:41,5:09:31,5:09:31
40193,01118,1:21:02,1:07:39,1:03:09,0:56:12,5:09:45,5:09:45
40597,01119,1:39:10,1:18:57,0:46:57,0:46:17,5:09:55,5:09:55
40452,01120,1:35:52,1:19:37,0:58:41,,5:09:56,5:09:56
40770,01121,1:39:13,1:18:57,0:56:02,0:40:39,5:09:56,5:09:56
41040,01122,1:39:13,1:18:57,0:56:02,0:40:39,5:09:57,5:09:57
40311,01123,1:42:39,1:24:36,0:49:44,0:40:19,5:10:08,5:10:08
41162,01124,1:32:05,1:16:15,0:54:11,0:43:48,5:10:12,5:10:12
43181,01125,1:32:06,1:16:14,0:54:02,0:43:58,5:10:12,5:10:12
40240,01126,1:29:30,1:17:56,0:59:48,0:49:42,5:10:25,5:10:25
40272,01127,1:33:55,1:21:15,0:51:49,0:47:07,5:10:26,5:10:26
40935,01128,1:39:33,1:22:29,0:49:12,0:45:15,5:10:55,5:10:55
41052,01129,1:36:43,1:17:40,0:46:59,0:47:42,5:11:24,5:11:24
40994,01130,1:26:33,1:15:38,0:51:38,0:52:48,5:13:23,5:13:23
41030,01131,1:38:52,1:19:13,0:48:00,0:48:31,5:13:37,5:13:37
43126,01132,1:27:58,1:20:31,0:53:59,0:50:57,5:13:47,5:13:47
40924,01133,1:42:42,1:22:48,0:47:53,0:43:19,5:14:11,5:14:11
40773,01134,1:27:18,1:13:13,0:52:01,0:56:31,5:14:51,5:14:51
40651,01135,1:29:07,1:33:43,0:49:45,0:45:22,5:15:03,5:15:03
41151,01136,1:29:53,1:15:54,0:45:11,0:48:21,5:15:18,5:15:18
40569,01137,1:38:15,1:15:17,0:43:59,0:48:56,5:15:21,5:15:21
43119,01138,1:32:40,1:15:05,0:43:19,0:53:14,5:15:49,5:15:49
40845,01139,1:46:43,1:25:09,0:47:04,0:41:46,5:16:19,5:16:19
41050,01140,1:42:18,1:20:09,0:46:09,0:45:56,5:16:22,5:16:22
41001,01141,1:27:47,1:18:32,1:00:03,0:49:09,5:16:29,5:16:29
40823,01142,1:42:56,1:22:33,0:48:06,0:44:00,5:16:35,5:16:35
41038,01143,1:38:54,1:18:15,0:47:34,0:49:34,5:16:57,5:16:57
41156,01144,1:45:59,1:22:20,0:48:57,0:41:06,5:17:15,5:17:15
40939,01145,1:48:36,1:24:26,0:48:49,0:41:06,5:17:27,5:17:27
40235,01146,1:30:50,1:12:54,0:59:39,0:54:11,5:19:04,5:19:04
40946,01147,1:43:30,1:26:52,0:47:30,0:44:34,5:19:39,5:19:39
40387,01148,1:32:04,1:16:15,0:54:05,0:52:06,5:20:32,5:20:32
41097,01149,1:32:08,1:16:14,0:54:22,0:51:50,5:20:34,5:20:34
40723,01150,1:40:54,1:26:58,0:49:35,0:44:31,5:20:40,5:20:40
40777,01151,,1:26:40,0:47:52,0:40:20,5:22:29,5:22:29
41127,01152,1:35:15,1:20:18,0:52:56,0:51:25,5:22:57,5:22:57
40782,01153,1:33:12,1:17:07,0:48:59,0:50:42,5:23:53,5:23:53
40964,01154,1:30:54,1:16:59,0:55:54,0:53:41,5:24:40,5:24:40
40868,01155,1:40:45,1:20:15,0:48:33,0:52:31,5:25:31,5:25:31
40522,01156,1:26:58,1:27:45,0:56:26,0:54:34,5:27:05,5:27:05
40988,01157,1:27:01,1:24:14,1:00:45,0:53:56,5:27:14,5:27:14
43091,01158,1:43:05,1:24:24,0:50:00,0:47:06,5:27:24,5:27:24
43185,01159,1:39:45,1:24:32,0:50:57,0:48:43,5:27:30,5:27:30
40118,01160,1:35:43,1:19:49,0:52:56,0:51:27,5:28:00,5:28:00
43113,01161,2:01:07,1:44:20,0:42:30,0:34:30,5:28:10,5:28:10
41033,01162,1:35:33,1:20:57,1:01:14,0:51:45,5:28:23,5:28:23
40990,01163,2:00:14,1:40:30,0:44:42,0:36:18,5:28:38,5:28:38
40884,01164,1:41:45,1:20:44,0:45:35,0:55:58,5:28:43,5:28:43
40927,01165,1:45:12,1:24:56,0:55:42,0:48:03,5:28:52,5:28:52
40919,01166,1:40:10,1:21:01,0:48:25,0:54:44,5:30:23,5:30:23
43163,01167,1:38:24,1:24:03,1:01:22,0:53:13,5:30:40,5:30:40
41090,01168,1:31:08,1:19:46,1:04:12,0:55:39,5:30:51,5:30:51
41078,01169,1:27:10,1:16:48,0:56:06,1:02:57,5:31:22,5:31:22
40931,01170,1:36:16,1:35:06,0:57:00,0:49:29,5:31:28,5:31:28
40335,01171,1:32:56,1:29:49,1:00:54,0:54:10,5:31:47,5:31:47
43184,01172,1:20:01,1:36:59,1:01:11,0:51:51,5:32:16,5:32:16
40779,01173,1:41:53,1:26:31,0:53:26,0:48:25,5:32:22,5:32:22
43175,01174,1:35:39,1:19:40,0:59:08,0:54:57,5:32:51,5:32:51
43116,01175,1:39:59,1:27:25,0:54:51,0:51:04,5:34:23,5:34:23
40123,01176,1:35:15,1:20:17,0:59:39,0:55:35,5:34:51,5:34:51
41068,01177,1:50:26,1:53:44,1:03:21,,5:40:18,5:40:18
41059,01178,1:49:11,1:28:28,0:55:39,0:48:58,5:40:28,5:40:28
40901,01179,1:32:51,1:15:13,1:19:13,0:54:44,5:41:01,5:41:01
40504,01180,1:27:01,1:24:16,1:00:44,0:53:55,5:41:36,5:41:36
41063,01181,1:41:19,1:23:46,0:50:34,0:53:20,5:41:38,5:41:38
40995,01182,1:38:32,1:18:33,0:53:57,0:52:58,5:41:43,5:41:43
43159,01183,1:44:08,1:28:01,1:02:24,0:48:55,5:43:36,5:43:36
40568,01184,1:27:40,1:15:20,1:00:14,1:01:07,5:45:04,5:45:04
40713,01185,1:35:39,1:18:34,0:49:03,1:01:06,5:45:04,5:45:04
40894,01186,1:45:53,1:27:08,0:53:51,0:53:33,5:45:46,5:45:46
40783,01187,1:54:34,1:28:23,0:57:37,0:48:57,5:48:22,5:48:22
40879,01188,1:53:58,1:29:06,0:57:32,0:48:55,5:49:10,5:49:10
43078,01189,1:40:14,1:22:10,0:57:26,0:56:57,5:49:35,5:49:35
43107,01190,1:38:33,1:26:21,0:52:43,1:00:02,5:51:27,5:51:27
41077,01191,1:38:34,1:26:22,0:52:43,1:00:02,5:51:27,5:51:27
40975,01192,,1:32:10,0:50:39,0:53:01,5:52:45,5:52:45
41023,01193,1:19:26,1:03:33,1:26:21,1:15:31,5:54:22,5:54:22
40742,01194,1:40:40,1:21:20,0:54:48,0:58:55,5:54:47,5:54:47
41208,01195,1:55:15,1:31:55,0:51:45,0:51:29,5:55:03,5:55:03
40900,01196,1:52:55,1:37:08,0:55:01,0:50:53,5:56:10,5:56:10
43171,01197,1:53:38,1:37:08,0:55:01,0:50:56,5:56:20,5:56:20
40523,01198,1:47:47,1:27:35,0:56:17,0:55:34,5:56:52,5:56:52
40073,01199,1:43:25,1:32:14,1:01:49,0:53:31,5:57:47,5:57:47
40981,01200,1:37:40,1:32:25,0:58:11,1:01:55,5:58:39,5:58:39
43152,01201,1:37:41,1:32:25,0:58:12,1:01:54,5:58:40,5:58:40
40616,01202,1:56:56,1:29:15,0:57:50,0:51:00,5:59:27,5:59:27
41017,01203,1:45:59,1:37:47,1:04:43,0:54:30,6:00:17,6:00:17
41073,01204,1:39:10,1:41:48,1:00:15,0:54:45,6:01:31,6:01:31
40798,01205,1:43:33,1:34:36,0:56:32,0:58:18,6:01:51,6:01:51
40483,01206,1:24:26,1:37:03,1:09:39,1:01:52,6:02:00,6:02:00
41061,01207,1:43:38,1:27:05,1:03:04,1:00:42,6:02:56,6:02:56
40631,01208,1:53:29,1:37:17,0:54:46,0:51:31,6:03:08,6:03:08
41031,01209,1:43:35,1:34:21,0:57:17,0:58:06,6:03:11,6:03:11
40895,01210,1:24:48,1:23:33,1:19:29,1:02:45,6:04:29,6:04:29
41003,01211,1:46:19,1:27:09,1:03:56,0:57:16,6:05:05,6:05:05
40080,01212,1:43:06,1:31:30,1:02:38,0:57:18,6:05:12,6:05:12
43083,01213,1:35:15,1:35:09,1:22:23,0:56:15,6:10:44,6:10:44
40337,01214,1:26:18,1:30:53,1:32:56,0:58:37,6:16:27,6:16:27
43135,01215,2:01:07,1:43:23,1:00:45,0:48:46,6:18:58,6:18:58
41060,01216,1:56:19,1:43:05,0:57:58,0:52:32,6:21:16,6:21:16
41006,01217,1:51:39,1:41:10,1:03:35,0:53:56,6:21:45,6:21:45
41036,01218,2:05:18,1:47:24,0:56:41,0:48:08,6:21:49,6:21:49
40093,01219,1:38:04,1:36:57,1:16:27,1:02:04,6:21:53,6:21:53
41007,01220,1:51:39,1:40:58,1:02:41,0:54:44,6:22:05,6:22:05
41035,01221,1:46:12,1:40:26,1:05:42,1:00:29,6:23:45,6:23:45
41032,01222,1:58:05,1:51:52,1:02:41,0:58:42,6:26:47,6:26:47
41067,01223,1:45:42,1:52:06,1:07:31,0:58:02,6:26:53,6:26:53
40933,01224,1:46:18,1:43:23,1:09:57,1:11:40,6:31:37,6:31:37
41153,01225,1:53:54,2:16:17,1:18:22,,6:33:20,6:33:20
40955,01226,1:56:41,1:52:56,0:52:05,1:06:01,6:36:00,6:36:00
41086,01227,1:55:52,2:01:59,1:00:16,0:55:31,6:37:41,6:37:41
43172,01228,2:00:51,1:46:14,1:05:40,0:58:00,6:37:48,6:37:48
41085,01229,2:03:26,1:55:38,1:02:56,1:04:39,6:43:30,6:43:30
40574,01230,,,,,DNF,
41154,01231,,,,,DNF,
40354,01232,,,,,DNF,
40184,01233,,,,,DNF,
40787,01234,1:09:13,0:57:05,,1:05:21,DNF,
43199,01235,,,,,DNF,
43092,01236,,,,0:45:09,DNF,
41066,01237,,,,0:46:04,DNF,
41145,01238,,,1:37:27,0:39:41,DNF,
43201,01239,,,,,DNF,
40530,01240,,,,,DNF,
41227,01241,,,,,DNF,
40839,01242,,,,,DNF,
41212,01243,,,,,DNF,
41124,01244,,,,,DNF,
40323,01245,1:20:31,1:03:34,0:40:55,0:54:27,DNF,
40187,01246,,,,0:40:03,DNF,
43004,01247,,,,,DNF,
40982,01248,,,,,DNF,
41221,01249,,,,,DNF,
41123,01250,,,1:40:41,0:36:26,DNF,
40808,01251,,,,,DNF,
40687,01252,,,,,DNF,
41179,01253,,,,,DNF,
40270,01254,1:10:48,0:56:30,,,DNF,
40765,01255,,,,,DNF,
41012,01256,1:36:06,1:37:45,,,DNF,
41004,01257,,,,,DNF,
40190,01258,,,,,DNF,
40661,01259,,,,,DNF,
41160,01260,,,,0:30:59,DNF,
40720,01261,,,,0:40:30,DNF,
40006,01262,,,,,DNF,
41106,01263,,,,,DNF,
40971,01264,,,,,DNF,
41174,01265,,,,,DNF,
40991,01266,,,,,DNF,
40346,01267,1:24:43,1:58:32,,,DNF,
41213,01268,,,,,DNF,
41065,01269,,,,,DNF,
43071,01270,,,,,DNF,
41203,01271,,,,,DNF,
40089,01272,,,,0:34:52,DNF,
41039,01273,,,,,DNF,
41016,01274,,,,,DNF,
40390,01275,,,,,DNF,
40558,01276,,,,,DNF,
40110,01277,,,,,DNF,
40755,01278,,,,,DNF,
40961,01279,,,,,DNF,
40169,01280,,,,,DNF,
40676,01281,,,,,DNF,
43125,01282,,,,,DNF,
40572,01283,,,,0:38:38,DNF,
40358,01284,,,,,DNF,
41219,01285,,,,,DNF,
40921,01286,,,,,DNF,
41046,01287,,,,0:50:05,DNF,
40347,01288,,,,,DNF,
40636,01289,,,,,DNF,
41002,01290,,,,,DNF,
40632,01291,,,,,DNF,
40986,01292,,,,,DNF,
40877,01293,,,,,DNF,
41217,01294,,,,,DNF,
41178,01295,,,,,DNF,
41228,01296,,,,,DNF,
40490,01297,,,,,DNF,
40382,01298,,,,0:39:56,DNF,
40150,01299,,,,,DNF,
43057,01300,,,,,DNF,
41229,01301,,,,,DNF,
41223,01302,,,,,DNF,
40922,01303,,,,,DNF,
43158,01304,,,,,DNF,
40788,01305,,,,,DNF,
40526,01306,,,,,DNF,
41188,01307,,,,,DNF,
40792,01308,,,,,DNF,
43104,01309,,,,,DNF,
41187,01310,,,,,DNF,
43154,01311,,,,0:40:59,DNF,
40878,01312,,,,,DNF,
40582,01313,,,,,DNF,
41214,01314,,,,,DNF,
40408,01315,,,,0:40:31,DNF,
40372,01316,,,,0:31:54,DNF,
43161,01317,2:05:45,1:57:55,1:08:14,0:54:44,DNF,
43053,01318,,,,,DNF,
40143,01319,,,,,DNF,
41129,01320,,,,,DNF,
40104,01321,,,,,DNF,
41218,01322,,,,,DNF,
40668,01323,,,,,DNF,
40972,01324,,,,0:36:53,DNF,
40748,01325,,,,,DNF,
43079,01326,,,,,DNF,
41195,01327,,,,,DNF,
43202,01328,,,,,DNF,
43141,01329,,,,,DNF,
40510,01330,1:19:22,1:06:22,0:46:50,,DNF,
40447,01331,,,,,DNF,
40997,01332,,,,,DNF,
43198,01333,,,,,DNF,
43056,01334,,,,,DNF,
40722,01335,,,,0:40:31,DNF,
40717,01336,,,,,DNF,
43040,01337,2:03:27,1:55:56,1:10:14,,DNF,
40679,01338,,,,,DNF,
40271,01339,,,1:47:45,0:45:36,DNF,
43160,01340,,,,,DNF,
41159,01341,,,,,DNF,
40596,01342,1:23:03,,,,DNF,
43176,01343,,,,,DNF,
43068,01344,,,,,DNF,
40344,01345,,,,0:37:27,DNF,
41202,01346,,,,,DNF,
41222,01347,,,,,DNF,
40828,01348,,,,,DNF,
40912,01349,,,,,DNF,
40446,01350,,,,0:34:51,DNF,
40980,01351,,,,,DNF,
41069,01352,1:35:26,1:37:23,,,DNF,
41216,01353,,,,,DNF,
43055,01354,,,,,DNF,
41064,01355,,,,,DNF,
40930,01356,,,,,DNF,
40111,01357,,,,,DNF,
40103,01358,1:11:20,1:05:08,,,DNF,
40248,01359,,,,,DNF,
41133,01360,,,,,DNF,
40948,01361,1:56:02,1:48:10,1:13:35,1:00:48,DNF,
41193,01362,,,,,DNF,
43200,01363,,,,,DNF,
43130,01364,,,,0:37:08,DNF,
40303,01365,,,,,DNF,
41194,01366,,,,0:34:11,DNF,
40685,01367,1:23:10,1:08:18,,1:27:54,DNF,
41158,01368,,,,,DNF,
41146,01369,,,1:37:28,0:37:46,DNF,
40458,01370,,,,,DNF,
40586,01371,,,,,DNF,
40409,01372,,,,,DNF,
41084,01373,,,,,DNF,
40476,01374,,,,,DNF,
40775,01375,,,,,DNF,
41144,01376,,,,,DNF,
43127,01377,1:51:57,1:43:05,1:04:09,1:04:30,DNF,
41147,01378,,,1:38:06,0:34:18,DNF,
40593,01379,,,,,DNF,
40726,01380,,,,,DNF,
41013,01381,,,,,DNF,
40262,01382,,,,,DNF,
40474,01383,1:16:50,,,,DNF,
41226,01384,,,,,DNF,
40099,01385,1:16:27,1:00:39,0:35:45,,DNF,
40411,01386,,,,,DNF,
41225,01387,,,,,DNF,
40537,01388,,,,,DNF,
40701,01389,,,,,DNF,
43162,01390,2:05:46,2:00:44,1:22:27,,DNF,
41111,01391,,,,,DNF,
41102,01392,,,,0:32:41,DNF,
40461,01393,,,,,DNF,
43063,01394,1:06:26,0:53:33,0:29:51,0:26:17,DNF,
40887,01395,,,,,DNF,
40805,01396,,,,,DNF,
41201,01397,,,,,DNF,
41209,01398,,,,,DNF,
40872,01399,,,,,DNF,
