Bib,ID,3.9k,Chip Time,Finish Time
50002,6891,0:08:31,0:15:48,0:15:49
50000,6892,0:08:30,0:15:50,0:15:50
50001,6893,0:08:51,0:16:26,0:16:27
50125,6894,0:09:03,0:16:48,0:16:48
50151,6895,0:09:17,0:17:07,0:17:08
50128,6896,0:09:17,0:17:13,0:17:13
50140,6897,0:09:21,0:17:13,0:17:13
50099,6898,0:09:29,0:17:25,0:17:25
50142,6899,0:09:29,0:17:26,0:17:26
50138,6900,0:09:34,0:17:42,0:17:43
50139,6901,0:09:41,0:17:43,0:17:44
50090,6902,0:09:35,0:17:43,0:17:44
50135,6903,0:10:16,0:18:21,0:18:21
50111,6904,0:09:53,0:18:24,0:18:25
50444,6905,0:10:16,0:18:42,0:18:42
50126,6906,0:10:28,0:19:01,0:19:01
50445,6907,0:10:19,0:19:02,0:19:02
50443,6908,0:10:19,0:19:03,0:19:03
53002,6909,0:10:32,0:19:16,0:19:16
50442,6910,0:10:32,0:19:32,0:19:32
50131,6911,0:10:52,0:19:41,0:19:41
50118,6912,0:10:20,0:19:48,0:19:48
53564,6913,0:10:50,0:19:48,0:19:48
50148,6914,0:10:54,0:19:52,0:19:52
50124,6915,0:10:47,0:20:08,0:20:17
53563,6916,0:11:08,0:20:25,0:20:25
53001,6917,0:11:26,0:20:47,0:20:48
53109,6918,0:11:34,0:21:07,0:21:08
53566,6919,0:11:35,0:21:08,0:21:08
53565,6920,0:11:35,0:21:10,0:21:11
53098,6921,0:11:36,0:21:16,0:21:16
50107,6922,0:11:35,0:21:17,0:21:18
50145,6923,0:11:53,0:21:21,0:21:22
50104,6924,0:11:42,0:21:23,0:21:24
50130,6925,0:11:57,0:22:07,0:22:08
50105,6926,0:12:16,0:22:16,0:22:17
53095,6927,0:12:16,0:22:18,0:22:18
50699,6928,0:12:18,0:22:30,0:22:34
53549,6929,0:12:36,0:22:40,0:22:40
50036,6930,0:12:44,0:22:46,0:22:50
50171,6931,0:12:31,0:23:07,0:23:17
50506,6932,0:12:22,0:23:07,0:23:16
50073,6933,0:12:34,0:23:15,0:23:34
50697,6934,0:11:48,0:23:17,0:23:17
50231,6935,0:12:55,0:23:25,0:23:26
53114,6936,0:12:57,0:23:26,0:23:27
53547,6937,0:12:03,0:23:32,0:23:34
50351,6938,0:13:01,0:24:04,0:24:27
50297,6939,0:13:07,0:24:06,0:24:10
50613,6940,0:13:10,0:25:02,0:25:16
50228,6941,0:14:12,0:25:16,0:25:37
53113,6942,0:14:13,0:25:23,0:25:23
50077,6943,0:13:45,0:25:28,0:25:36
50708,6944,0:13:09,0:25:30,0:25:30
50106,6945,0:13:59,0:26:02,0:26:30
50149,6946,0:14:16,0:26:10,0:26:18
50102,6947,0:14:41,0:26:11,0:26:17
50061,6948,0:14:15,0:26:32,0:26:39
50303,6949,0:14:29,0:26:45,0:26:54
53553,6950,0:14:22,0:26:45,0:31:32
53686,6951,0:14:37,0:26:54,0:27:01
50160,6952,0:14:15,0:26:55,0:27:32
53079,6953,0:14:21,0:26:56,0:27:51
50185,6954,0:14:59,0:26:58,0:27:03
53870,6955,0:14:27,0:26:58,0:27:00
53551,6956,0:14:16,0:26:59,0:27:05
50481,6957,0:14:15,0:27:00,0:27:05
53018,6958,0:15:20,0:27:07,0:27:14
50147,6959,0:15:13,0:27:09,0:27:10
50519,6960,0:13:31,0:27:12,0:27:50
53510,6961,0:14:40,0:27:14,0:27:21
53579,6962,0:14:49,0:27:21,0:27:22
53320,6963,0:14:48,0:27:28,0:27:30
50302,6964,0:15:02,0:27:28,0:27:36
50355,6965,,0:27:32,0:27:32
50041,6966,0:15:14,0:27:33,0:27:37
50201,6967,0:14:40,0:27:35,0:27:49
50534,6968,0:15:03,0:27:35,0:27:39
50234,6969,0:14:57,0:27:40,0:27:54
53110,6970,0:14:34,0:27:41,0:27:50
53336,6971,0:14:51,0:27:51,0:27:55
53450,6972,0:15:37,0:27:52,0:27:58
50273,6973,0:14:55,0:27:53,0:28:08
50602,6974,0:14:44,0:27:55,0:28:18
50704,6975,0:15:49,0:28:05,0:28:07
50701,6976,0:15:50,0:28:05,0:28:07
54140,6977,0:16:00,0:28:08,0:28:11
50607,6978,0:14:48,0:28:17,0:28:37
50709,6979,0:16:16,0:28:21,0:28:25
50600,6980,0:14:56,0:28:24,0:28:50
50395,6981,0:15:39,0:28:26,0:28:28
54132,6982,0:15:14,0:28:27,0:28:37
50013,6983,0:15:35,0:28:27,0:28:43
50100,6984,0:15:45,0:28:28,0:28:39
54006,6985,0:15:16,0:28:34,0:29:00
50604,6986,0:15:44,0:28:42,0:28:51
50164,6987,0:15:30,0:28:46,0:28:51
50724,6988,0:16:04,0:28:50,0:28:52
53059,6989,0:16:05,0:28:55,0:28:56
53328,6990,0:15:36,0:28:56,0:29:00
50129,6991,0:14:02,0:28:58,0:29:00
53135,6992,0:15:34,0:29:02,0:29:14
53326,6993,0:15:51,0:29:12,0:29:17
53143,6994,0:16:12,0:29:25,0:29:25
50026,6995,0:15:44,0:29:25,0:30:18
50159,6996,0:16:04,0:29:29,0:29:30
53111,6997,0:16:17,0:29:40,0:30:36
53321,6998,0:16:04,0:29:41,0:29:43
50434,6999,0:16:59,0:29:43,0:29:59
50291,7000,0:15:30,0:29:47,0:30:33
53463,7001,0:15:53,0:29:49,0:29:53
53120,7002,0:15:48,0:29:50,0:30:07
50114,7003,0:14:55,0:29:52,0:30:09
53223,7004,0:16:18,0:29:57,0:30:29
50612,7005,0:17:00,0:29:57,0:30:11
53546,7006,0:16:43,0:29:59,0:29:59
50268,7007,0:16:16,0:30:04,0:30:09
50332,7008,0:16:11,0:30:18,0:30:48
53522,7009,0:16:05,0:30:21,0:31:04
50660,7010,0:15:57,0:30:22,0:31:02
50127,7011,0:17:16,0:30:23,0:30:23
50199,7012,0:16:51,0:30:30,0:30:36
53656,7013,0:16:12,0:30:30,0:30:42
53834,7014,0:16:36,0:30:33,0:30:34
53323,7015,0:16:41,0:30:33,0:30:36
50214,7016,0:16:27,0:30:34,0:31:11
53725,7017,0:16:29,0:30:34,0:31:05
50267,7018,0:16:42,0:30:34,0:30:38
50378,7019,0:16:35,0:30:36,0:30:46
50146,7020,0:16:18,0:30:36,0:30:52
53038,7021,0:16:27,0:30:37,0:30:54
53093,7022,0:15:29,0:30:40,0:30:41
50095,7023,0:17:05,0:30:44,0:30:44
50177,7024,0:16:33,0:30:45,0:30:55
50194,7025,0:16:16,0:30:47,0:30:51
50197,7026,0:16:16,0:30:47,0:30:51
53979,7027,0:17:14,0:30:50,0:30:50
53043,7028,0:16:44,0:30:50,0:30:50
50236,7029,0:16:59,0:30:52,0:31:05
50592,7030,0:16:13,0:30:56,0:31:30
50688,7031,0:16:41,0:31:00,0:31:01
50368,7032,0:16:14,0:31:04,0:31:52
53064,7033,0:17:18,0:31:09,0:31:10
50339,7034,0:17:03,0:31:11,0:31:18
50705,7035,0:18:24,0:31:13,0:31:16
50178,7036,0:17:21,0:31:15,0:31:51
50271,7037,0:16:52,0:31:15,0:31:29
53322,7038,0:16:52,0:31:15,0:31:29
53080,7039,0:16:55,0:31:16,0:31:20
50112,7040,0:17:06,0:31:18,0:31:47
50719,7041,0:17:06,0:31:19,0:31:54
50412,7042,0:17:06,0:31:19,0:31:54
50542,7043,0:17:07,0:31:20,0:31:54
53056,7044,0:17:15,0:31:23,0:31:23
53060,7045,0:17:13,0:31:23,0:31:24
53101,7046,0:16:58,0:31:26,0:31:36
50209,7047,0:17:04,0:31:27,0:32:06
50526,7048,0:16:44,0:31:35,0:31:53
50184,7049,0:16:48,0:31:36,0:31:49
50183,7050,0:16:30,0:31:37,0:32:28
50367,7051,0:18:20,0:31:39,0:32:07
50754,7052,0:18:11,0:31:44,0:31:44
50014,7053,0:16:51,0:31:51,0:32:26
50022,7054,0:16:51,0:31:51,0:32:26
53198,7055,0:17:40,0:31:54,0:32:37
53570,7056,0:17:18,0:31:59,0:32:51
50509,7057,0:17:27,0:32:03,0:32:13
53186,7058,0:17:41,0:32:04,0:32:12
53133,7059,0:17:32,0:32:08,0:32:10
53248,7060,0:17:29,0:32:10,0:32:34
50053,7061,0:17:38,0:32:12,0:32:17
50702,7062,0:18:36,0:32:16,0:32:19
50560,7063,0:17:16,0:32:20,0:32:45
54028,7064,0:17:49,0:32:22,0:32:24
53058,7065,0:17:53,0:32:23,0:32:25
53523,7066,0:17:57,0:32:26,0:32:27
50285,7067,0:16:39,0:32:30,0:32:54
50072,7068,0:17:33,0:32:33,0:33:30
53094,7069,0:17:41,0:32:40,0:33:00
53062,7070,0:18:18,0:32:42,0:32:53
53061,7071,0:18:18,0:32:43,0:32:53
53022,7072,0:18:06,0:32:43,0:32:46
53019,7073,0:18:07,0:32:44,0:32:46
53055,7074,0:17:52,0:32:45,0:32:50
53423,7075,0:18:02,0:32:46,0:32:49
50393,7076,0:17:32,0:32:47,0:33:06
53503,7077,0:17:28,0:32:50,0:33:14
53236,7078,0:18:00,0:32:55,0:33:44
50472,7079,0:17:45,0:32:58,0:33:12
50638,7080,0:18:02,0:32:58,0:33:03
54187,7081,0:18:17,0:33:02,0:33:11
53881,7082,0:17:35,0:33:04,0:33:31
53363,7083,0:17:42,0:33:11,0:33:20
50597,7084,0:17:52,0:33:17,0:33:43
50346,7085,0:18:57,0:33:19,0:33:21
53300,7086,0:18:24,0:33:19,0:33:33
50366,7087,0:18:15,0:33:20,0:33:39
50237,7088,0:18:12,0:33:27,0:34:10
50208,7089,0:18:36,0:33:30,0:34:14
53988,7090,0:18:32,0:33:30,0:33:44
53192,7091,0:18:23,0:33:31,0:34:14
53160,7092,0:18:27,0:33:39,0:33:53
53651,7093,0:18:35,0:33:39,0:33:42
50622,7094,0:18:32,0:33:40,0:33:48
50210,7095,0:18:14,0:33:42,0:36:51
53017,7096,0:18:17,0:33:45,0:33:55
53689,7097,,0:33:52,0:33:52
50055,7098,0:18:44,0:33:52,0:33:54
53025,7099,0:19:03,0:33:55,0:33:59
50181,7100,0:18:31,0:33:56,0:34:06
53189,7101,0:18:32,0:33:57,0:34:06
50232,7102,0:20:17,0:33:58,0:34:08
50753,7103,0:18:24,0:34:04,0:34:21
50343,7104,0:19:04,0:34:04,0:34:40
50342,7105,0:19:07,0:34:04,0:34:41
54050,7106,0:17:39,0:34:04,0:34:47
50471,7107,0:17:38,0:34:05,0:34:46
53375,7108,0:19:13,0:34:06,0:34:18
50144,7109,0:18:35,0:34:08,0:34:10
53319,7110,0:18:30,0:34:09,0:34:13
50511,7111,0:18:49,0:34:10,0:34:29
50390,7112,0:19:01,0:34:14,0:34:38
50275,7113,0:18:11,0:34:14,0:34:41
53471,7114,0:18:48,0:34:15,0:34:17
50399,7115,0:17:42,0:34:17,0:34:45
50380,7116,0:18:48,0:34:19,0:34:24
53074,7117,0:19:15,0:34:36,0:34:45
50108,7118,0:19:45,0:34:36,0:34:38
53438,7119,0:18:48,0:34:37,0:35:12
50087,7120,0:18:53,0:34:38,0:34:42
50693,7121,0:19:08,0:34:39,0:35:06
53339,7122,0:18:10,0:34:41,0:34:41
50448,7123,0:19:40,0:34:42,0:35:05
53297,7124,0:18:57,0:34:42,0:35:18
50392,7125,0:18:19,0:34:48,0:35:18
53552,7126,0:19:10,0:34:49,0:34:50
50364,7127,0:19:45,0:34:58,0:35:38
50068,7128,0:21:11,0:34:58,0:35:00
53216,7129,0:19:21,0:34:59,0:35:43
53827,7130,0:18:59,0:35:04,0:35:16
53500,7131,0:18:55,0:35:06,0:35:14
53151,7132,0:18:58,0:35:09,0:35:10
53076,7133,0:18:49,0:35:10,0:35:17
50076,7134,0:19:17,0:35:11,0:35:20
50330,7135,0:19:19,0:35:11,0:35:50
53285,7136,0:19:44,0:35:12,0:35:28
54036,7137,0:19:05,0:35:13,0:35:42
53208,7138,0:19:25,0:35:14,0:35:28
50337,7139,0:19:53,0:35:17,0:35:24
53386,7140,0:19:19,0:35:17,0:35:33
50310,7141,0:19:37,0:35:18,0:35:19
53063,7142,0:19:29,0:35:18,0:35:19
50671,7143,0:17:34,0:35:20,0:35:52
53485,7144,0:19:41,0:35:23,0:35:27
53081,7145,0:19:23,0:35:23,0:36:00
50252,7146,0:19:45,0:35:23,0:35:32
50750,7147,0:19:43,0:35:24,0:35:46
53350,7148,0:19:02,0:35:25,0:35:50
50223,7149,0:20:17,0:35:26,0:35:35
50360,7150,0:19:24,0:35:26,0:35:27
50019,7151,0:19:10,0:35:27,0:35:49
53015,7152,0:19:11,0:35:27,0:35:49
53036,7153,0:19:42,0:35:29,0:35:42
50379,7154,0:19:38,0:35:29,0:35:53
53170,7155,0:20:59,0:35:29,0:35:47
53303,7156,0:19:29,0:35:30,0:35:32
53859,7157,0:19:12,0:35:30,0:36:00
53229,7158,0:19:27,0:35:31,0:36:12
50748,7159,0:19:42,0:35:34,0:35:57
53422,7160,0:19:54,0:35:36,0:35:43
53268,7161,0:19:57,0:35:39,0:35:40
53479,7162,0:19:06,0:35:39,0:35:41
50290,7163,0:18:52,0:35:41,0:36:11
53324,7164,0:19:42,0:35:41,0:35:44
50192,7165,0:18:50,0:35:44,0:35:56
50241,7166,0:19:54,0:35:46,0:36:11
53968,7167,,0:35:46,0:36:05
53014,7168,,0:35:48,0:36:12
53298,7169,0:20:14,0:35:50,0:36:24
50717,7170,0:19:27,0:35:50,0:36:16
53329,7171,0:19:43,0:35:53,0:36:43
50601,7172,0:20:06,0:35:54,0:36:13
53766,7173,0:18:52,0:35:55,0:36:11
50078,7174,0:19:18,0:35:56,0:36:14
50292,7175,0:19:43,0:35:57,0:36:04
53361,7176,0:19:43,0:35:57,0:36:05
53176,7177,0:19:30,0:35:59,0:36:47
53605,7178,0:19:45,0:36:01,0:36:17
50097,7179,0:19:39,0:36:03,0:36:32
53582,7180,0:18:55,0:36:07,0:36:42
50491,7181,,0:36:07,0:36:07
53016,7182,0:19:15,0:36:08,0:36:25
53145,7183,0:19:34,0:36:09,0:36:39
50288,7184,0:19:20,0:36:10,0:36:41
53736,7185,0:18:54,0:36:10,0:36:46
53087,7186,0:20:41,0:36:16,0:36:19
53315,7187,0:20:19,0:36:17,0:37:17
50703,7188,0:20:23,0:36:21,0:36:21
50153,7189,0:19:48,0:36:22,0:36:42
53758,7190,0:20:22,0:36:23,0:37:10
53299,7191,0:19:50,0:36:23,0:36:56
50517,7192,0:20:22,0:36:24,0:37:10
53241,7193,0:20:00,0:36:24,0:36:34
50272,7194,0:21:22,0:36:25,0:37:12
53439,7195,0:19:36,0:36:26,0:37:04
53254,7196,0:19:32,0:36:27,0:36:53
53272,7197,0:19:54,0:36:28,0:37:00
50066,7198,0:20:01,0:36:28,0:36:43
53353,7199,0:18:56,0:36:28,0:36:57
54131,7200,0:20:12,0:36:32,0:36:39
53408,7201,0:20:12,0:36:32,0:36:38
50369,7202,0:19:55,0:36:33,0:36:58
50616,7203,0:20:30,0:36:33,0:36:47
50329,7204,0:19:30,0:36:35,0:37:13
50476,7205,0:20:25,0:36:36,0:36:50
53638,7206,0:20:25,0:36:36,0:36:50
50629,7207,0:21:59,0:36:38,0:36:46
53041,7208,0:21:00,0:36:38,0:36:40
50226,7209,0:20:51,0:36:38,0:36:41
50630,7210,0:18:49,0:36:38,0:36:50
54007,7211,0:19:43,0:36:39,0:37:17
50631,7212,0:20:09,0:36:40,0:36:52
53054,7213,0:20:45,0:36:41,0:36:54
50287,7214,0:19:49,0:36:41,0:37:06
53951,7215,0:21:46,0:36:48,0:36:56
50598,7216,0:21:46,0:36:49,0:36:56
50109,7217,0:20:55,0:36:51,0:36:56
53173,7218,0:20:30,0:36:51,0:37:33
50143,7219,0:19:59,0:36:52,0:37:11
50204,7220,0:20:28,0:36:55,0:37:35
53191,7221,0:19:48,0:36:59,0:37:09
50266,7222,0:20:29,0:37:05,0:37:10
53391,7223,0:20:58,0:37:05,0:37:22
50157,7224,0:19:53,0:37:06,0:37:28
50075,7225,0:22:10,0:37:07,0:37:53
53625,7226,0:19:42,0:37:09,0:37:14
53383,7227,0:21:19,0:37:09,0:37:15
50676,7228,0:20:17,0:37:11,0:37:39
53049,7229,0:19:46,0:37:11,0:37:46
50023,7230,0:21:35,0:37:14,0:37:16
50117,7231,0:20:53,0:37:16,0:37:30
50191,7232,0:20:13,0:37:17,0:38:03
50411,7233,0:20:54,0:37:17,0:37:17
50186,7234,0:20:54,0:37:19,0:38:10
50698,7235,0:21:42,0:37:24,0:37:29
50695,7236,0:20:30,0:37:24,0:37:36
50173,7237,0:20:09,0:37:24,0:37:43
53464,7238,0:20:42,0:37:24,0:37:27
50206,7239,0:20:52,0:37:25,0:38:07
50089,7240,0:21:27,0:37:27,0:37:28
50350,7241,0:20:22,0:37:31,0:38:07
50715,7242,0:19:07,0:37:39,0:37:51
53462,7243,0:20:01,0:37:39,0:38:22
53512,7244,0:19:07,0:37:39,0:37:51
53084,7245,0:21:11,0:37:40,0:37:41
50353,7246,0:20:23,0:37:43,0:38:07
53444,7247,0:20:23,0:37:43,0:38:07
53104,7248,0:21:09,0:37:43,0:37:54
50282,7249,0:19:21,0:37:44,0:38:15
53496,7250,0:20:19,0:37:45,0:38:13
50081,7251,0:20:49,0:37:48,0:38:11
50565,7252,0:20:29,0:37:50,0:38:32
53082,7253,0:20:48,0:37:52,0:38:10
50628,7254,0:20:46,0:37:52,0:38:18
50035,7255,0:21:09,0:37:54,0:38:17
53974,7256,0:20:38,0:37:57,0:38:07
50456,7257,0:20:08,0:38:00,0:38:29
50581,7258,0:21:46,0:38:02,0:38:27
50654,7259,0:20:53,0:38:02,0:38:02
53270,7260,0:20:09,0:38:02,0:38:26
50550,7261,0:21:45,0:38:03,0:38:27
53461,7262,0:20:40,0:38:04,0:38:44
53108,7263,0:20:38,0:38:05,0:38:27
50614,7264,0:22:27,0:38:05,0:38:20
54195,7265,0:21:07,0:38:07,0:38:10
50169,7266,0:21:14,0:38:09,0:38:13
50609,7267,0:21:19,0:38:09,0:38:25
50610,7268,0:21:18,0:38:09,0:38:25
50098,7269,0:18:31,0:38:09,0:38:39
53581,7270,0:20:44,0:38:09,0:38:19
53224,7271,0:19:24,0:38:09,0:38:14
50113,7272,0:20:39,0:38:10,0:38:26
50071,7273,0:21:33,0:38:11,0:38:12
50572,7274,0:18:38,0:38:12,0:38:57
50264,7275,0:20:51,0:38:13,0:38:56
53659,7276,0:21:11,0:38:14,0:38:33
53124,7277,0:21:16,0:38:14,0:38:17
54130,7278,0:20:38,0:38:15,0:38:17
53234,7279,0:21:31,0:38:16,0:38:31
50284,7280,0:20:27,0:38:16,0:38:43
50525,7281,0:24:09,0:38:17,0:38:23
54126,7282,0:21:30,0:38:18,0:38:19
50689,7283,0:20:32,0:38:20,0:38:32
50294,7284,0:20:54,0:38:21,0:38:36
53091,7285,0:20:57,0:38:21,0:39:07
53676,7286,0:20:33,0:38:21,0:38:33
50331,7287,0:21:32,0:38:23,0:38:24
50203,7288,0:21:33,0:38:25,0:38:30
53092,7289,,0:38:26,0:39:12
50235,7290,0:22:02,0:38:27,0:38:48
53312,7291,0:22:11,0:38:30,0:38:36
53013,7292,0:21:51,0:38:32,0:38:35
53495,7293,0:20:27,0:38:34,0:39:21
50397,7294,0:20:20,0:38:34,0:39:21
50270,7295,0:20:38,0:38:36,0:38:53
53843,7296,0:21:13,0:38:39,0:38:50
53927,7297,0:23:02,0:38:39,0:39:10
50617,7298,0:21:27,0:38:40,0:38:52
50176,7299,0:21:13,0:38:41,0:39:31
50321,7300,0:20:40,0:38:44,0:39:00
53428,7301,0:21:13,0:38:47,0:39:17
53335,7302,,0:38:48,0:39:03
50319,7303,0:21:00,0:38:49,0:39:06
54128,7304,0:20:50,0:38:49,0:39:11
53487,7305,0:21:15,0:38:50,0:39:02
50426,7306,0:22:19,0:38:50,0:38:53
50069,7307,0:19:32,0:38:51,0:39:26
53292,7308,0:20:55,0:38:52,0:39:01
53165,7309,0:21:32,0:38:55,0:39:01
53221,7310,0:20:45,0:38:55,0:39:32
53318,7311,0:21:07,0:38:55,0:38:59
53261,7312,0:20:36,0:38:56,0:39:18
53737,7313,0:20:44,0:38:56,0:39:31
50335,7314,0:20:57,0:38:56,0:39:15
53858,7315,0:21:16,0:38:58,0:39:28
53404,7316,0:20:56,0:38:59,0:39:22
53096,7317,0:21:27,0:39:03,0:39:34
53392,7318,0:21:52,0:39:07,0:39:31
53765,7319,0:21:06,0:39:07,0:39:25
53144,7320,0:21:09,0:39:08,0:39:11
50357,7321,0:22:02,0:39:08,0:39:20
53217,7322,0:21:15,0:39:08,0:39:54
53393,7323,0:21:54,0:39:09,0:39:34
50189,7324,0:22:07,0:39:10,0:39:52
50620,7325,0:21:39,0:39:10,0:39:23
50205,7326,0:21:12,0:39:10,0:39:42
53181,7327,0:22:26,0:39:12,0:40:04
50309,7328,0:21:12,0:39:12,0:39:44
53112,7329,0:21:39,0:39:13,0:39:23
50276,7330,0:21:10,0:39:15,0:39:19
50082,7331,0:22:21,0:39:15,0:39:20
50240,7332,0:21:46,0:39:16,0:39:26
53330,7333,0:21:07,0:39:17,0:40:07
50248,7334,0:22:05,0:39:17,0:39:28
53083,7335,0:22:21,0:39:17,0:39:23
53752,7336,0:21:06,0:39:17,0:39:20
53304,7337,0:21:41,0:39:19,0:39:22
53981,7338,0:21:17,0:39:19,0:39:53
53980,7339,0:21:18,0:39:19,0:39:53
50553,7340,0:21:04,0:39:19,0:39:19
53149,7341,0:21:13,0:39:22,0:39:41
53342,7342,0:21:11,0:39:23,0:39:26
53403,7343,0:21:37,0:39:23,0:39:38
50593,7344,0:21:19,0:39:28,0:39:45
50195,7345,0:21:32,0:39:33,0:40:20
50744,7346,0:23:12,0:39:39,0:40:04
53556,7347,0:21:45,0:39:42,0:40:09
53899,7348,0:20:48,0:39:44,0:40:17
53536,7349,0:20:47,0:39:44,0:40:17
53661,7350,0:21:49,0:39:45,0:40:18
53935,7351,,0:39:49,0:39:49
50733,7352,0:21:50,0:39:51,0:40:22
54124,7353,0:21:53,0:39:56,0:40:08
53057,7354,0:21:39,0:39:57,0:40:01
53021,7355,0:21:39,0:39:57,0:40:03
53592,7356,0:22:24,0:39:58,0:40:13
53203,7357,0:20:28,0:39:59,0:40:50
53277,7358,0:21:13,0:40:01,0:40:21
50322,7359,0:22:06,0:40:01,0:40:16
50461,7360,,0:40:05,0:40:05
50198,7361,0:23:00,0:40:08,0:40:55
50152,7362,0:16:36,0:40:09,0:40:31
53555,7363,0:22:50,0:40:11,0:41:37
53027,7364,0:21:32,0:40:12,0:40:24
50537,7365,0:23:18,0:40:12,0:40:43
53123,7366,0:23:02,0:40:14,0:40:34
50170,7367,0:21:16,0:40:15,0:41:01
50371,7368,0:21:15,0:40:15,0:41:00
53455,7369,0:22:33,0:40:16,0:40:50
50439,7370,0:22:19,0:40:17,0:40:50
53895,7371,0:22:05,0:40:17,0:40:29
50359,7372,0:22:33,0:40:17,0:40:50
50317,7373,0:21:03,0:40:19,0:40:23
50447,7374,0:21:45,0:40:22,0:40:28
50269,7375,0:22:08,0:40:25,0:40:40
53281,7376,0:22:06,0:40:25,0:40:47
53026,7377,0:22:34,0:40:26,0:40:44
53373,7378,0:22:54,0:40:27,0:40:36
53538,7379,0:22:50,0:40:28,0:41:37
54029,7380,0:23:14,0:40:29,0:40:32
53767,7381,0:21:57,0:40:33,0:41:11
50279,7382,0:20:58,0:40:33,0:41:09
53347,7383,0:20:09,0:40:33,0:41:09
50278,7384,0:21:00,0:40:35,0:41:11
53398,7385,0:20:49,0:40:36,0:40:46
53344,7386,0:20:57,0:40:36,0:41:11
53700,7387,0:22:38,0:40:36,0:41:41
53313,7388,0:22:50,0:40:36,0:41:05
50265,7389,0:22:35,0:40:37,0:40:46
50449,7390,0:22:39,0:40:37,0:41:41
53345,7391,0:20:59,0:40:37,0:41:09
54190,7392,0:22:15,0:40:38,0:40:47
54211,7393,0:22:15,0:40:38,0:40:40
53343,7394,0:20:55,0:40:39,0:41:11
53902,7395,0:21:38,0:40:40,0:40:56
53793,7396,0:22:00,0:40:41,0:41:29
53388,7397,0:22:28,0:40:43,0:40:44
53600,7398,0:21:58,0:40:45,0:41:07
53289,7399,0:22:36,0:40:45,0:41:17
50249,7400,0:22:34,0:40:46,0:41:17
53301,7401,0:22:35,0:40:46,0:41:17
53068,7402,0:23:01,0:40:48,0:41:06
53141,7403,0:22:21,0:40:51,0:40:57
53362,7404,0:23:01,0:40:59,0:41:07
53442,7405,0:22:42,0:41:00,0:41:25
53601,7406,0:22:58,0:41:02,0:41:09
53802,7407,0:22:25,0:41:02,0:41:35
53433,7408,0:22:43,0:41:02,0:41:04
53465,7409,0:22:44,0:41:03,0:41:04
50540,7410,0:23:21,0:41:04,0:41:20
53820,7411,0:23:20,0:41:04,0:41:20
50293,7412,0:23:01,0:41:07,0:41:07
50437,7413,0:22:13,0:41:15,0:41:36
53583,7414,0:22:20,0:41:16,0:41:36
50048,7415,,0:41:16,0:41:43
50578,7416,0:22:56,0:41:19,0:41:50
53664,7417,0:22:56,0:41:19,0:41:50
53486,7418,0:22:58,0:41:20,0:41:29
50608,7419,0:23:55,0:41:22,0:41:34
50260,7420,0:23:30,0:41:23,0:41:51
50605,7421,,0:41:24,0:41:33
53580,7422,,0:41:27,0:41:42
50464,7423,0:24:16,0:41:30,0:41:40
50643,7424,0:23:48,0:41:30,0:41:35
50662,7425,,0:41:30,0:41:30
50251,7426,0:23:49,0:41:31,0:41:40
53296,7427,0:22:51,0:41:31,0:41:43
53903,7428,,0:41:32,0:41:32
50504,7429,0:23:17,0:41:32,0:41:42
53085,7430,0:23:47,0:41:33,0:42:10
53867,7431,0:21:07,0:41:33,0:42:18
50141,7432,0:23:47,0:41:34,0:42:11
50038,7433,,0:41:34,0:42:01
53327,7434,0:23:33,0:41:35,0:41:47
50385,7435,0:22:51,0:41:42,0:42:04
50655,7436,,0:41:43,0:42:12
54040,7437,,0:41:50,0:42:17
53046,7438,,0:41:50,0:42:16
54048,7439,0:25:07,0:41:53,0:42:01
54139,7440,0:23:14,0:41:54,0:42:35
50024,7441,0:23:02,0:41:57,0:42:14
50498,7442,0:23:58,0:41:57,0:42:14
50050,7443,0:23:35,0:41:58,0:42:19
53355,7444,0:23:55,0:42:01,0:42:32
53855,7445,0:22:56,0:42:01,0:42:32
50015,7446,0:23:51,0:42:03,0:42:39
54115,7447,0:23:10,0:42:07,0:42:29
53435,7448,0:22:53,0:42:08,0:42:14
53497,7449,0:22:53,0:42:09,0:42:15
50016,7450,0:23:17,0:42:10,0:42:29
50017,7451,0:23:17,0:42:10,0:42:29
50188,7452,0:24:36,0:42:15,0:42:25
53860,7453,0:22:44,0:42:18,0:42:48
53441,7454,0:23:08,0:42:18,0:42:46
50028,7455,0:22:37,0:42:23,0:42:44
53492,7456,0:23:34,0:42:32,0:42:34
53425,7457,0:23:33,0:42:32,0:42:34
50571,7458,0:24:45,0:42:34,0:42:35
50570,7459,0:24:42,0:42:35,0:42:37
54137,7460,0:23:08,0:42:35,0:43:32
50383,7461,0:23:17,0:42:36,0:42:39
53295,7462,0:23:17,0:42:36,0:42:39
53477,7463,0:23:46,0:42:39,0:42:48
53366,7464,0:23:46,0:42:40,0:42:50
50314,7465,0:23:24,0:42:48,0:43:18
50712,7466,0:23:41,0:42:49,0:43:28
53175,7467,0:23:34,0:42:53,0:43:02
50626,7468,0:23:23,0:42:54,0:43:39
53168,7469,0:22:47,0:42:56,0:43:47
54111,7470,0:23:25,0:42:58,0:43:40
50328,7471,,0:42:58,0:43:09
50018,7472,0:24:11,0:42:59,0:43:08
50224,7473,0:24:38,0:43:00,0:43:10
54049,7474,0:23:27,0:43:00,0:43:40
50549,7475,0:26:21,0:43:00,0:43:00
53195,7476,0:24:46,0:43:02,0:43:12
50482,7477,0:25:20,0:43:05,0:43:23
53020,7478,0:23:53,0:43:08,0:43:32
50250,7479,0:24:36,0:43:08,0:43:14
50190,7480,0:21:17,0:43:09,0:43:47
50348,7481,0:25:11,0:43:10,0:43:11
50180,7482,0:23:55,0:43:11,0:43:24
50661,7483,0:24:48,0:43:11,0:43:18
50718,7484,0:23:12,0:43:13,0:43:45
50387,7485,0:24:56,0:43:13,0:43:16
53033,7486,0:23:41,0:43:16,0:43:24
50451,7487,0:24:42,0:43:16,0:43:34
50377,7488,0:23:40,0:43:17,0:43:25
50163,7489,0:24:08,0:43:19,0:43:54
53162,7490,0:24:08,0:43:19,0:43:54
50158,7491,0:24:09,0:43:20,0:43:54
50161,7492,0:33:12,0:43:21,0:43:26
53701,7493,0:24:12,0:43:22,0:43:42
50746,7494,0:23:43,0:43:22,0:43:47
53786,7495,0:23:42,0:43:24,0:43:39
54143,7496,0:25:35,0:43:25,0:43:36
53209,7497,0:26:03,0:43:26,0:43:27
50247,7498,0:24:26,0:43:26,0:43:51
53491,7499,0:23:20,0:43:26,0:43:33
50047,7500,0:24:32,0:43:28,0:43:33
50045,7501,0:24:20,0:43:29,0:44:10
53972,7502,0:24:28,0:43:31,0:43:33
50374,7503,0:23:52,0:43:34,0:43:41
50256,7504,0:24:36,0:43:36,0:43:42
53213,7505,0:22:46,0:43:37,0:44:17
50686,7506,0:24:41,0:43:46,0:43:54
50687,7507,0:24:44,0:43:46,0:43:54
50042,7508,,0:43:47,0:43:47
53086,7509,,0:43:48,0:43:53
53240,7510,0:24:13,0:43:49,0:43:53
54228,7511,0:23:40,0:43:50,0:43:56
50563,7512,0:24:48,0:43:50,0:44:36
53874,7513,0:24:17,0:43:50,0:44:36
50494,7514,0:24:00,0:43:50,0:44:12
53243,7515,0:25:22,0:43:53,0:44:00
53511,7516,0:24:00,0:43:57,0:44:12
54219,7517,0:24:14,0:43:58,0:44:10
50155,7518,0:24:43,0:43:58,0:44:12
50065,7519,0:24:09,0:43:59,0:44:17
50029,7520,0:24:23,0:44:01,0:44:07
53032,7521,0:24:23,0:44:01,0:44:07
50642,7522,,0:44:02,0:44:42
53287,7523,0:25:44,0:44:04,0:44:38
50305,7524,0:25:07,0:44:04,0:45:05
50306,7525,0:25:07,0:44:04,0:45:06
50646,7526,,0:44:05,0:44:05
53526,7527,0:20:32,0:44:06,0:44:06
53608,7528,0:24:22,0:44:08,0:44:19
54217,7529,0:24:18,0:44:08,0:44:22
53286,7530,0:25:38,0:44:11,0:44:46
53196,7531,0:25:45,0:44:12,0:44:19
50088,7532,0:24:03,0:44:16,0:44:44
53166,7533,0:25:42,0:44:24,0:44:33
50370,7534,0:26:00,0:44:25,0:44:36
53251,7535,0:25:03,0:44:30,0:44:52
53468,7536,0:25:01,0:44:38,0:44:41
50574,7537,0:24:54,0:44:38,0:44:58
53847,7538,0:24:54,0:44:40,0:44:58
53396,7539,0:24:42,0:44:40,0:44:49
53374,7540,0:25:02,0:44:47,0:44:51
53179,7541,0:24:57,0:44:48,0:44:52
53305,7542,0:24:57,0:44:50,0:44:53
53190,7543,0:24:42,0:44:52,0:44:56
53199,7544,0:25:15,0:44:53,0:44:57
53215,7545,0:24:39,0:44:54,0:44:57
54141,7546,0:25:15,0:44:55,0:44:56
53161,7547,0:26:03,0:44:58,0:45:16
50219,7548,,0:44:59,0:45:07
50121,7549,,0:44:59,0:45:08
53904,7550,0:23:41,0:45:00,0:45:00
53023,7551,0:27:16,0:45:00,0:45:01
50080,7552,0:25:00,0:45:01,0:45:14
54095,7553,0:25:11,0:45:01,0:45:06
50150,7554,0:24:38,0:45:01,0:45:26
53390,7555,0:24:34,0:45:01,0:45:16
53306,7556,0:25:21,0:45:02,0:45:25
53274,7557,0:26:02,0:45:02,0:45:21
53757,7558,0:25:15,0:45:04,0:45:50
50403,7559,0:26:14,0:45:04,0:45:07
53717,7560,,0:45:04,0:45:04
50179,7561,0:26:05,0:45:05,0:45:05
53070,7562,0:25:47,0:45:05,0:45:23
53475,7563,0:25:34,0:45:05,0:45:18
50222,7564,0:25:52,0:45:06,0:45:23
53389,7565,0:24:34,0:45:07,0:45:16
53201,7566,0:25:47,0:45:08,0:45:13
50168,7567,0:25:28,0:45:14,0:45:55
53364,7568,0:25:21,0:45:14,0:45:35
53219,7569,0:25:25,0:45:14,0:45:53
53476,7570,0:25:43,0:45:14,0:45:27
50156,7571,0:25:28,0:45:15,0:45:55
50175,7572,0:25:24,0:45:16,0:45:55
53152,7573,0:26:02,0:45:17,0:45:57
50261,7574,0:25:36,0:45:18,0:45:34
53815,7575,,0:45:30,0:45:30
53818,7576,,0:45:30,0:45:30
53470,7577,0:25:34,0:45:30,0:45:42
53817,7578,,0:45:30,0:45:30
53814,7579,,0:45:30,0:45:30
54002,7580,0:24:48,0:45:33,0:45:50
50528,7581,,0:45:36,0:45:43
53262,7582,0:25:27,0:45:39,0:45:57
50032,7583,0:25:32,0:45:43,0:46:22
53042,7584,0:25:38,0:45:44,0:46:22
53278,7585,0:24:40,0:45:44,0:46:07
50225,7586,0:25:27,0:45:45,0:46:05
53275,7587,0:27:24,0:45:46,0:46:10
53067,7588,0:24:39,0:45:49,0:46:12
53130,7589,,0:45:49,0:45:59
53158,7590,0:24:25,0:45:50,0:46:34
53150,7591,0:24:25,0:45:51,0:46:33
50731,7592,0:24:28,0:45:51,0:46:10
50658,7593,0:24:27,0:45:51,0:46:10
50277,7594,0:24:35,0:45:52,0:46:29
50615,7595,0:27:05,0:45:54,0:46:09
50611,7596,0:27:04,0:45:56,0:46:11
50469,7597,0:27:02,0:45:56,0:49:56
53971,7598,0:27:06,0:45:58,0:46:12
53346,7599,0:24:35,0:45:58,0:46:31
53334,7600,0:24:03,0:45:59,0:46:37
54117,7601,0:26:06,0:45:59,0:46:31
50229,7602,0:25:22,0:46:00,0:46:18
53273,7603,0:25:23,0:46:01,0:46:18
50154,7604,0:28:01,0:46:02,0:46:03
50096,7605,0:25:12,0:46:03,0:46:32
53989,7606,0:25:35,0:46:04,0:46:23
54103,7607,,0:46:04,0:46:16
54216,7608,0:26:29,0:46:05,0:46:28
53253,7609,0:25:33,0:46:08,0:46:46
50556,7610,,0:46:11,0:46:11
53446,7611,0:25:05,0:46:12,0:46:14
53484,7612,0:25:01,0:46:12,0:46:37
53852,7613,,0:46:12,0:46:13
53365,7614,0:25:42,0:46:13,0:46:36
50059,7615,0:26:27,0:46:14,0:46:50
50259,7616,0:28:56,0:46:15,0:46:32
53472,7617,0:25:13,0:46:17,0:46:30
53950,7618,0:26:38,0:46:17,0:46:41
53473,7619,0:25:13,0:46:17,0:46:30
53405,7620,0:25:29,0:46:18,0:46:45
54116,7621,0:26:01,0:46:20,0:46:51
53401,7622,0:25:30,0:46:20,0:46:47
53122,7623,0:24:31,0:46:22,0:46:46
53126,7624,0:24:42,0:46:22,0:46:46
50046,7625,,0:46:23,0:47:22
50420,7626,0:25:04,0:46:23,0:47:06
53829,7627,0:25:03,0:46:23,0:47:06
50584,7628,0:22:10,0:46:25,0:46:25
50311,7629,0:27:18,0:46:26,0:46:30
50312,7630,0:27:18,0:46:27,0:46:32
53351,7631,,0:46:28,0:46:52
53163,7632,0:25:17,0:46:29,0:47:20
50039,7633,,0:46:29,0:47:29
53775,7634,,0:46:30,0:46:53
53883,7635,,0:46:31,0:46:54
53180,7636,0:25:19,0:46:32,0:47:23
53356,7637,0:26:53,0:46:32,0:47:10
53352,7638,0:26:56,0:46:33,0:47:10
50025,7639,,0:46:33,0:47:32
53961,7640,0:26:13,0:46:35,0:47:31
50324,7641,0:24:47,0:46:38,0:47:22
50430,7642,0:25:41,0:46:40,0:47:07
53206,7643,0:26:03,0:46:41,0:47:17
53886,7644,0:25:42,0:46:41,0:47:08
53288,7645,0:26:00,0:46:42,0:47:17
53118,7646,,0:46:43,0:46:56
53129,7647,0:25:03,0:46:44,0:47:04
53421,7648,0:25:04,0:46:44,0:47:03
53174,7649,0:26:43,0:46:45,0:46:53
53167,7650,0:26:41,0:46:46,0:46:54
53955,7651,0:25:03,0:46:47,0:47:06
53271,7652,0:25:55,0:46:51,0:47:00
53406,7653,0:25:32,0:46:52,0:46:57
50056,7654,0:26:41,0:46:52,0:46:52
50363,7655,,0:46:54,0:47:02
53291,7656,0:25:19,0:46:54,0:47:20
50239,7657,0:25:20,0:46:55,0:47:21
53474,7658,0:26:34,0:46:59,0:47:12
53359,7659,0:26:14,0:47:01,0:47:20
53138,7660,0:24:17,0:47:02,0:47:45
53966,7661,0:25:47,0:47:05,0:47:14
50207,7662,0:23:29,0:47:08,0:47:48
53128,7663,0:26:49,0:47:09,0:47:14
50021,7664,0:26:13,0:47:09,0:47:13
53954,7665,0:25:47,0:47:14,0:47:14
50254,7666,0:25:23,0:47:17,0:48:10
53998,7667,0:26:02,0:47:19,0:48:01
54123,7668,0:26:59,0:47:20,0:47:21
53969,7669,0:25:59,0:47:20,0:47:30
50569,7670,0:27:01,0:47:20,0:47:21
53105,7671,0:26:16,0:47:21,0:47:21
50594,7672,0:25:46,0:47:25,0:47:51
53996,7673,0:26:02,0:47:26,0:48:08
50725,7674,0:26:20,0:47:27,0:48:05
54133,7675,0:26:19,0:47:28,0:48:05
50054,7676,0:25:58,0:47:28,0:47:36
50446,7677,0:25:43,0:47:31,0:47:39
53567,7678,0:25:45,0:47:32,0:47:39
53943,7679,0:27:55,0:47:34,0:48:18
50031,7680,0:24:30,0:47:38,0:47:55
53097,7681,0:24:30,0:47:39,0:47:57
50690,7682,0:29:43,0:47:40,0:48:21
53997,7683,0:25:41,0:47:43,0:48:21
53310,7684,0:27:12,0:47:44,0:48:14
50340,7685,0:28:08,0:47:44,0:47:53
53760,7686,0:25:39,0:47:46,0:48:33
53759,7687,0:25:39,0:47:48,0:48:35
54001,7688,0:25:49,0:47:49,0:48:30
53999,7689,0:25:47,0:47:51,0:48:31
54159,7690,0:25:32,0:47:52,0:48:27
53729,7691,0:25:29,0:47:53,0:48:27
50692,7692,0:27:20,0:47:54,0:48:15
53619,7693,0:27:52,0:48:01,0:48:13
53995,7694,0:25:49,0:48:08,0:48:49
54005,7695,0:27:42,0:48:12,0:48:17
50316,7696,0:25:31,0:48:14,0:49:04
50558,7697,,0:48:14,0:48:14
53357,7698,0:25:28,0:48:15,0:48:42
53967,7699,0:26:28,0:48:19,0:49:05
53314,7700,0:26:32,0:48:23,0:49:10
54189,7701,0:26:04,0:48:27,0:49:00
50299,7702,0:27:50,0:48:27,0:48:30
53106,7703,0:26:56,0:48:30,0:48:40
53077,7704,0:27:42,0:48:30,0:48:40
53431,7705,0:29:21,0:48:33,0:48:42
53354,7706,,0:48:37,0:49:00
53358,7707,,0:48:38,0:49:00
54047,7708,0:25:36,0:48:38,0:48:58
54118,7709,0:25:37,0:48:38,0:48:58
50255,7710,0:27:12,0:48:38,0:49:09
53284,7711,0:27:18,0:48:38,0:48:51
53574,7712,0:25:40,0:48:38,0:48:58
50382,7713,0:28:25,0:48:45,0:48:56
53264,7714,0:26:30,0:48:47,0:48:59
53293,7715,0:27:46,0:48:48,0:49:36
54037,7716,0:27:21,0:48:48,0:48:55
53294,7717,0:27:46,0:48:49,0:49:37
50242,7718,0:27:47,0:48:49,0:49:36
53885,7719,0:27:03,0:48:49,0:49:24
54119,7720,0:27:04,0:48:50,0:49:24
50358,7721,0:28:22,0:48:52,0:49:05
50320,7722,0:28:56,0:48:58,0:49:10
54046,7723,0:25:37,0:48:58,0:48:58
53572,7724,0:25:37,0:48:59,0:48:59
50716,7725,0:27:35,0:49:04,0:49:39
54114,7726,,0:49:05,0:49:26
53469,7727,0:26:05,0:49:11,0:49:51
53050,7728,0:27:33,0:49:11,0:49:39
53985,7729,0:26:09,0:49:11,0:49:58
53984,7730,0:26:11,0:49:14,0:50:01
53417,7731,0:26:07,0:49:16,0:49:57
50051,7732,0:27:34,0:49:17,0:49:41
53048,7733,0:27:34,0:49:17,0:49:41
54112,7734,,0:49:20,0:49:55
54147,7735,,0:49:20,0:49:55
54110,7736,0:26:24,0:49:20,0:50:15
53115,7737,0:30:52,0:49:20,0:49:40
53397,7738,0:28:44,0:49:22,0:49:34
50429,7739,0:26:54,0:49:25,0:49:57
50428,7740,0:26:53,0:49:25,0:49:57
50400,7741,0:28:17,0:49:28,0:49:38
53548,7742,0:28:47,0:49:30,0:49:35
53878,7743,0:27:11,0:49:34,0:50:08
53414,7744,0:28:11,0:49:35,0:50:07
53412,7745,0:27:24,0:49:37,0:49:55
53991,7746,0:26:49,0:49:39,0:49:58
53784,7747,0:28:42,0:49:41,0:50:16
53862,7748,0:27:40,0:49:42,0:50:32
50536,7749,0:25:15,0:49:46,0:49:46
54127,7750,0:27:19,0:49:49,0:49:57
53102,7751,0:26:45,0:49:56,0:50:08
53103,7752,0:26:45,0:49:56,0:50:08
50165,7753,0:30:41,0:49:58,0:50:11
50162,7754,0:30:41,0:50:01,0:50:11
53210,7755,0:28:35,0:50:03,0:50:12
53990,7756,0:27:53,0:50:09,0:50:29
53831,7757,0:27:34,0:50:10,0:50:52
50070,7758,0:26:53,0:50:14,0:50:51
53075,7759,0:26:51,0:50:15,0:50:50
53953,7760,,0:50:15,0:50:22
53639,7761,0:27:37,0:50:17,0:50:33
53652,7762,0:27:38,0:50:17,0:50:33
53212,7763,0:27:11,0:50:19,0:50:21
53427,7764,0:27:51,0:50:25,0:50:37
53034,7765,0:28:38,0:50:28,0:51:10
53877,7766,0:27:52,0:50:37,0:51:28
53635,7767,0:27:53,0:50:39,0:51:28
50020,7768,0:31:41,0:50:40,0:50:40
50372,7769,0:28:55,0:50:41,0:50:46
53478,7770,0:28:53,0:50:42,0:50:47
50559,7771,0:27:56,0:50:43,0:51:33
50253,7772,0:27:05,0:50:45,0:51:20
53035,7773,0:27:53,0:50:49,0:51:17
53963,7774,0:31:27,0:50:50,0:51:17
50606,7775,0:31:26,0:50:50,0:51:17
50052,7776,0:28:22,0:50:50,0:50:57
53416,7777,0:28:23,0:50:51,0:50:57
53379,7778,0:29:22,0:50:52,0:51:06
53378,7779,0:29:22,0:50:52,0:51:06
53432,7780,0:28:21,0:50:52,0:51:01
53778,7781,0:26:58,0:50:53,0:50:55
53430,7782,0:29:41,0:50:54,0:51:03
53280,7783,0:28:46,0:51:01,0:51:14
53436,7784,,0:51:01,0:51:40
50233,7785,0:28:48,0:51:01,0:51:14
53437,7786,,0:51:02,0:51:40
53282,7787,0:28:37,0:51:04,0:51:48
50307,7788,0:28:37,0:51:06,0:51:51
54079,7789,,0:51:06,0:51:06
53155,7790,0:28:36,0:51:07,0:51:51
53136,7791,0:29:20,0:51:08,0:51:22
53088,7792,0:28:48,0:51:08,0:51:22
53640,7793,0:27:41,0:51:08,0:55:07
53483,7794,0:27:36,0:51:12,0:51:35
53207,7795,0:27:44,0:51:15,0:51:41
53590,7796,,0:51:15,0:51:15
53598,7797,,0:51:15,0:51:15
53610,7798,,0:51:15,0:51:15
53704,7799,,0:51:15,0:51:15
53705,7800,,0:51:15,0:51:15
53986,7801,0:28:30,0:51:18,0:52:03
50334,7802,0:28:03,0:51:18,0:51:37
50388,7803,0:29:19,0:51:18,0:51:22
53159,7804,0:27:27,0:51:19,0:52:00
53225,7805,0:27:45,0:51:19,0:51:52
54108,7806,0:28:41,0:51:19,0:52:33
53415,7807,0:28:03,0:51:19,0:51:37
50238,7808,0:28:06,0:51:21,0:52:04
53290,7809,0:28:04,0:51:21,0:52:03
53762,7810,0:26:25,0:51:21,0:52:02
53770,7811,0:26:20,0:51:22,0:52:02
50244,7812,0:29:56,0:51:24,0:52:01
50352,7813,0:30:24,0:51:24,0:51:47
53803,7814,0:33:09,0:51:25,0:51:25
53749,7815,0:28:45,0:51:26,0:56:05
54210,7816,0:28:45,0:51:26,0:56:05
50034,7817,0:28:00,0:51:27,0:51:45
53400,7818,0:30:01,0:51:27,0:51:32
54225,7819,0:28:24,0:51:28,0:51:45
54218,7820,0:28:30,0:51:29,0:51:43
50401,7821,0:29:33,0:51:33,0:52:25
53040,7822,0:27:57,0:51:33,0:51:51
53744,7823,,0:51:35,0:51:35
53107,7824,0:27:53,0:51:36,0:51:56
53873,7825,0:29:17,0:51:36,0:51:36
50122,7826,0:31:00,0:51:36,0:51:56
53066,7827,0:28:11,0:51:37,0:53:31
54125,7828,0:29:31,0:51:39,0:52:09
50381,7829,0:29:30,0:51:39,0:52:32
50674,7830,0:27:59,0:51:40,0:52:06
53072,7831,0:27:57,0:51:41,0:52:31
50634,7832,0:28:10,0:51:42,0:52:22
53994,7833,0:28:22,0:51:42,0:52:22
50217,7834,0:28:08,0:51:43,0:51:45
53069,7835,0:27:53,0:51:44,0:52:34
54203,7836,0:28:58,0:51:46,0:51:49
53202,7837,0:27:45,0:51:48,0:52:15
53376,7838,0:28:43,0:51:50,0:52:07
50304,7839,0:29:12,0:51:51,0:52:07
50326,7840,0:30:06,0:51:53,0:52:06
50174,7841,0:27:20,0:51:58,0:52:37
53164,7842,0:27:48,0:52:02,0:52:06
50496,7843,0:28:23,0:52:04,0:52:51
53184,7844,0:27:49,0:52:04,0:52:07
53200,7845,0:27:20,0:52:04,0:52:09
53589,7846,,0:52:06,0:52:06
50455,7847,,0:52:06,0:52:06
53698,7848,0:28:22,0:52:10,0:52:51
53367,7849,0:28:48,0:52:11,0:52:30
50300,7850,0:28:47,0:52:12,0:52:30
50362,7851,0:28:58,0:52:20,0:52:53
53545,7852,0:28:56,0:52:20,0:52:53
53730,7853,0:29:07,0:52:25,0:53:00
50510,7854,0:29:05,0:52:25,0:53:00
53913,7855,,0:52:27,0:52:27
50485,7856,,0:52:28,0:52:28
53771,7857,0:30:57,0:52:30,0:53:16
53204,7858,0:28:40,0:52:30,0:53:20
50520,7859,0:30:59,0:52:31,0:53:15
53205,7860,0:28:49,0:52:31,0:53:20
53443,7861,0:29:36,0:52:31,0:52:55
53866,7862,0:28:20,0:52:33,0:53:16
53194,7863,0:28:32,0:52:35,0:52:54
54138,7864,0:27:34,0:52:37,0:53:18
50289,7865,0:29:33,0:52:42,0:52:59
54044,7866,0:29:34,0:52:43,0:52:59
50086,7867,,0:52:44,0:52:55
53962,7868,0:31:07,0:52:45,0:53:12
53662,7869,0:27:49,0:52:45,0:53:49
53337,7870,0:27:44,0:52:48,0:53:29
53543,7871,,0:52:48,0:53:19
50347,7872,0:29:59,0:52:48,0:53:02
53121,7873,0:27:25,0:52:48,0:53:19
53542,7874,0:27:26,0:52:48,0:53:20
53908,7875,0:29:46,0:52:49,0:53:18
50682,7876,0:27:49,0:52:53,0:53:57
50735,7877,0:31:22,0:52:53,0:52:57
50740,7878,0:31:19,0:52:55,0:52:55
50625,7879,0:27:14,0:52:56,0:52:56
53585,7880,,0:52:59,0:53:32
54100,7881,0:30:11,0:52:59,0:53:29
53898,7882,,0:53:05,0:53:06
53837,7883,,0:53:05,0:53:07
53838,7884,0:28:55,0:53:08,0:53:08
53791,7885,0:31:11,0:53:09,0:53:54
53936,7886,0:28:48,0:53:10,0:53:51
50487,7887,,0:53:11,0:53:11
50669,7888,,0:53:11,0:53:11
53677,7889,0:28:03,0:53:13,0:53:13
53411,7890,0:29:40,0:53:14,0:53:28
53532,7891,0:28:47,0:53:19,0:55:09
54009,7892,0:28:44,0:53:20,0:55:10
53983,7893,0:27:15,0:53:20,0:53:20
50245,7894,0:29:49,0:53:21,0:53:57
50246,7895,0:29:45,0:53:21,0:53:57
53944,7896,0:31:12,0:53:23,0:54:08
53970,7897,0:29:23,0:53:23,0:53:33
50091,7898,0:30:26,0:53:24,0:54:03
54101,7899,0:27:02,0:53:25,0:54:00
53790,7900,,0:53:29,0:53:37
50295,7901,0:29:44,0:53:32,0:53:34
50092,7902,0:30:28,0:53:32,0:54:12
53242,7903,0:28:35,0:53:37,0:54:27
53188,7904,0:28:35,0:53:40,0:54:30
53921,7905,0:29:34,0:53:44,0:54:28
53051,7906,0:31:24,0:53:45,0:54:09
53429,7907,0:31:20,0:53:45,0:54:09
53157,7908,0:30:29,0:53:49,0:54:15
50527,7909,0:32:40,0:53:49,0:53:49
53745,7910,0:30:04,0:53:50,0:54:50
53864,7911,,0:53:50,0:53:51
53703,7912,0:28:49,0:53:51,0:53:51
53409,7913,0:29:50,0:53:54,0:54:37
53239,7914,0:30:29,0:53:56,0:53:57
53419,7915,0:30:15,0:53:56,0:54:14
50466,7916,0:28:13,0:53:56,0:54:38
53418,7917,0:30:13,0:53:56,0:54:14
50123,7918,0:30:26,0:53:57,0:53:57
53171,7919,0:30:14,0:53:57,0:54:06
53228,7920,0:30:11,0:53:58,0:54:06
53822,7921,0:31:21,0:54:03,0:54:08
50714,7922,0:28:46,0:54:04,0:55:10
53911,7923,0:28:47,0:54:05,0:55:10
53211,7924,0:29:42,0:54:12,0:54:49
53099,7925,0:40:16,0:54:12,0:54:49
50103,7926,0:29:43,0:54:13,0:54:49
54142,7927,0:29:25,0:54:15,0:55:05
53853,7928,0:29:22,0:54:15,0:55:04
53387,7929,0:30:33,0:54:22,0:54:53
50327,7930,,0:54:24,0:54:38
54134,7931,0:30:37,0:54:26,0:54:26
50375,7932,0:30:38,0:54:26,0:54:33
50200,7933,0:28:57,0:54:28,0:55:06
50524,7934,0:30:17,0:54:36,0:54:43
53279,7935,0:30:16,0:54:37,0:55:02
50530,7936,0:30:15,0:54:41,0:54:41
53697,7937,0:30:39,0:54:41,0:55:30
50489,7938,0:30:41,0:54:42,0:55:30
53154,7939,0:31:57,0:54:44,0:58:55
50308,7940,0:31:20,0:54:46,0:55:01
53447,7941,0:31:53,0:54:48,0:58:58
53741,7942,,0:54:51,0:55:36
53699,7943,0:31:54,0:54:53,0:55:35
53748,7944,0:31:52,0:54:54,0:55:35
53399,7945,0:30:30,0:54:56,0:55:37
50532,7946,0:29:20,0:54:56,0:55:48
53631,7947,0:29:42,0:54:57,0:55:26
53769,7948,0:28:08,0:54:58,0:55:25
53710,7949,0:31:02,0:55:00,0:55:36
53724,7950,0:31:05,0:55:00,0:55:43
53799,7951,0:29:20,0:55:01,0:55:53
53694,7952,0:30:52,0:55:01,0:59:29
53377,7953,0:31:22,0:55:02,0:55:02
50555,7954,0:29:58,0:55:05,0:55:10
53739,7955,,0:55:06,0:55:49
50533,7956,0:29:58,0:55:07,0:55:12
53796,7957,0:29:57,0:55:07,0:55:12
53797,7958,0:29:58,0:55:07,0:55:11
50313,7959,0:31:08,0:55:08,0:55:40
54567,7960,0:30:15,0:55:10,0:55:16
50386,7961,0:30:36,0:55:12,0:55:16
53489,7962,0:30:38,0:55:12,0:55:17
53674,7963,0:30:05,0:55:15,0:59:41
53218,7964,0:30:06,0:55:15,0:55:22
54227,7965,0:30:06,0:55:17,0:55:22
53851,7966,,0:55:23,0:55:30
50523,7967,,0:55:24,0:55:30
50167,7968,0:31:35,0:55:24,0:55:29
50396,7969,0:30:51,0:55:25,0:55:32
53494,7970,0:31:15,0:55:25,0:55:32
53493,7971,0:30:43,0:55:25,0:55:32
50172,7972,0:30:51,0:55:26,0:55:27
50325,7973,0:30:54,0:55:26,0:55:37
53424,7974,0:31:07,0:55:34,0:56:24
53028,7975,0:31:03,0:55:34,0:56:25
53588,7976,0:30:46,0:55:38,0:56:22
53801,7977,0:30:47,0:55:42,0:56:26
53952,7978,,0:55:42,0:56:28
53800,7979,0:30:50,0:55:48,0:56:32
53453,7980,0:30:25,0:55:48,0:56:30
50356,7981,0:30:27,0:55:48,0:56:29
53942,7982,0:30:43,0:55:50,0:56:34
53338,7983,0:31:23,0:55:56,0:56:22
53821,7984,0:30:51,0:55:57,0:56:41
53636,7985,0:32:53,0:56:01,0:56:50
50664,7986,0:29:25,0:56:02,0:56:50
50257,7987,0:31:05,0:56:13,0:56:39
50258,7988,0:31:36,0:56:14,0:56:39
53307,7989,0:30:54,0:56:16,0:56:41
53384,7990,,0:56:17,0:56:26
53385,7991,,0:56:19,0:56:27
53620,7992,,0:56:21,0:56:27
53137,7993,0:31:10,0:56:22,0:56:40
53518,7994,0:31:37,0:56:22,0:56:27
53633,7995,0:34:53,0:56:23,0:56:24
54022,7996,0:33:31,0:56:25,0:57:08
53928,7997,0:31:24,0:56:27,0:56:49
50079,7998,0:31:51,0:56:41,0:57:13
53266,7999,0:32:33,0:56:46,0:57:39
53267,8000,0:32:34,0:56:48,0:57:41
53265,8001,0:32:33,0:56:54,0:57:47
53488,8002,0:24:55,0:56:55,0:56:55
50384,8003,0:24:56,0:56:56,0:56:56
53119,8004,,0:56:56,0:57:07
50323,8005,0:30:48,0:56:56,0:57:33
50060,8006,0:30:54,0:56:56,0:57:33
50566,8007,0:32:50,0:56:56,0:57:20
50521,8008,0:32:48,0:56:57,0:57:18
53117,8009,,0:56:58,0:57:09
54121,8010,0:32:50,0:56:59,0:57:20
53454,8011,0:32:50,0:57:04,0:57:31
53519,8012,0:33:34,0:57:08,0:57:13
54224,8013,0:32:54,0:57:08,0:57:46
53139,8014,0:30:47,0:57:11,0:57:25
53452,8015,0:30:47,0:57:11,0:57:24
53792,8016,0:31:49,0:57:13,0:57:39
50567,8017,0:31:52,0:57:13,0:57:39
53613,8018,0:32:49,0:57:14,0:57:36
50502,8019,,0:57:17,0:58:06
53848,8020,0:34:11,0:57:17,0:57:51
54083,8021,0:35:11,0:57:23,0:58:11
50667,8022,0:35:12,0:57:23,0:58:11
53148,8023,,0:57:26,0:58:07
53071,8024,0:32:15,0:57:26,0:57:32
50063,8025,0:32:17,0:57:27,0:57:33
53047,8026,0:32:26,0:57:28,0:57:53
54158,8027,,0:57:29,0:58:03
53259,8028,0:31:53,0:57:29,0:57:40
53146,8029,,0:57:29,0:58:08
53052,8030,0:32:26,0:57:29,0:57:52
50286,8031,0:30:37,0:57:32,0:57:55
53311,8032,,0:57:32,0:57:34
53735,8033,0:31:36,0:57:35,0:58:08
54053,8034,0:31:33,0:57:35,0:58:08
53987,8035,0:31:50,0:57:37,0:58:22
54021,8036,0:34:52,0:57:38,0:57:49
53309,8037,0:30:41,0:57:39,0:58:31
53029,8038,0:30:03,0:57:41,0:58:32
53302,8039,0:31:14,0:57:42,0:57:45
50503,8040,0:34:00,0:57:42,0:57:45
50221,8041,0:33:12,0:57:43,0:58:03
50220,8042,0:33:13,0:57:44,0:58:03
53258,8043,0:33:16,0:57:44,0:58:03
53718,8044,0:33:04,0:57:45,0:57:45
53371,8045,,0:57:48,0:58:06
53738,8046,0:30:21,0:57:52,0:58:25
50436,8047,0:30:21,0:57:53,0:58:25
53957,8048,,0:57:57,0:58:10
50182,8049,0:35:43,0:58:04,0:58:42
53958,8050,,0:58:08,0:58:21
53959,8051,,0:58:09,0:58:20
50573,8052,0:32:40,0:58:14,0:59:00
50452,8053,0:34:20,0:58:14,0:58:48
53909,8054,0:32:40,0:58:15,0:59:00
50675,8055,0:32:28,0:58:20,0:58:42
50037,8056,0:29:07,0:58:24,0:59:18
53269,8057,0:33:45,0:58:26,0:58:49
50568,8058,0:30:48,0:58:46,0:58:59
50500,8059,0:30:47,0:58:48,0:58:59
50522,8060,0:49:30,0:58:50,0:58:57
53892,8061,0:30:46,0:58:51,0:59:02
54185,8062,0:30:42,0:58:54,0:58:57
53894,8063,0:30:47,0:58:58,0:59:00
50710,8064,0:30:57,0:59:02,0:59:02
54084,8065,0:30:48,0:59:02,0:59:05
53332,8066,0:33:10,0:59:03,0:59:55
53331,8067,0:33:10,0:59:05,0:59:56
53776,8068,0:49:04,0:59:05,0:59:11
54092,8069,0:32:24,0:59:08,0:59:17
50296,8070,0:37:55,0:59:10,0:59:10
53187,8071,0:33:45,0:59:12,0:59:21
50133,8072,0:36:57,0:59:13,0:59:16
53193,8073,0:33:44,0:59:13,0:59:21
50132,8074,0:36:57,0:59:14,0:59:17
50341,8075,0:35:58,0:59:21,0:59:46
53932,8076,,0:59:22,0:59:22
50497,8077,,0:59:27,0:59:35
54093,8078,,0:59:29,0:59:29
50049,8079,0:35:56,0:59:29,0:59:53
53369,8080,0:34:59,0:59:30,0:59:33
54202,8081,0:31:10,0:59:30,0:59:51
53934,8082,,0:59:30,0:59:30
53719,8083,,0:59:31,0:59:31
53440,8084,,0:59:36,0:59:37
53449,8085,0:33:20,0:59:37,0:59:37
54207,8086,0:31:07,0:59:37,0:59:51
50639,8087,0:34:23,0:59:45,0:59:53
54004,8088,0:34:22,0:59:45,0:59:53
53413,8089,,0:59:58,0:59:59
54106,8090,0:31:06,1:00:40,1:00:40
54052,8091,0:31:09,1:00:44,1:00:44
53753,8092,0:32:19,1:01:22,1:01:22
53924,8093,0:32:14,1:01:25,1:01:25
53672,8094,0:32:19,1:01:33,1:01:33
54096,8095,,1:03:24,1:03:24
50677,8096,,1:03:25,1:03:25
50512,8097,,1:03:26,1:03:26
53960,8098,,1:03:36,1:03:36
53544,8099,,1:05:23,1:05:23
53244,8100,,1:06:17,1:06:17
53813,8101,,1:08:28,1:08:28
53850,8102,,1:08:28,1:08:28
53197,8103,,1:09:46,1:09:46
54156,8104,,1:10:27,1:10:27
50468,8105,,1:23:23,1:23:23
53642,8106,,1:23:23,1:23:23
50458,8107,,1:23:24,1:23:24
54649,8108,,,
54026,8109,,,
53571,8110,0:38:44,,
51230,8111,,,
50953,8112,,,
50851,8113,,,
55130,8114,,,
51220,8115,,,
55147,8116,,,
51125,8117,,,
50067,8118,,,
54934,8119,,,
54907,8120,,,
51218,8121,,,
50855,8122,,,
51276,8123,,,
54603,8124,,,
53906,8125,,,
53559,8126,0:35:20,,
53246,8127,,,
51311,8128,,,
53681,8129,,,
53090,8130,,,
50990,8131,,,
50354,8132,,,
50921,8133,,,
51045,8134,,,
53716,8135,,,
50862,8136,,,
50801,8137,,,
54983,8138,,,
54881,8139,,,
51315,8140,,,
50760,8141,,,
54700,8142,,,
54652,8143,,,
54911,8144,,,
54843,8145,,,
53348,8146,,,
50398,8147,,,
51263,8148,,,
51105,8149,,,
50757,8150,,,
50839,8151,,,
50636,8152,,,
50431,8153,,,
54959,8154,,,
55139,8155,,,
54996,8156,,,
50892,8157,,,
50544,8158,,,
54872,8159,,,
50969,8160,,,
50788,8161,,,
54945,8162,,,
54912,8163,,,
53780,8164,,,
50759,8165,,,
50318,8166,0:39:57,,
54960,8167,,,
54863,8168,,,
54882,8169,,,
54798,8170,,,
53937,8171,0:36:11,,
55120,8172,,,
53982,8173,,,
53687,8174,,,
50995,8175,,,
54738,8176,,,
53673,8177,,,
53153,8178,,,
51016,8179,,,
55041,8180,,,
53394,8181,0:34:57,,
50531,8182,,,
50473,8183,,,
54697,8184,,,
55102,8185,,,
54532,8186,,,
53663,8187,,,
51210,8188,,,
55081,8189,,,
54880,8190,,,
54596,8191,,,
51250,8192,,,
51028,8193,,,
55084,8194,,,
54221,8195,,,
50402,8196,0:34:47,,
50679,8197,,,
54014,8198,,,
50541,8199,,,
50438,8200,,,
55138,8201,,,
50663,8202,,,
54619,8203,,,
54670,8204,,,
51318,8205,,,
51200,8206,,,
54539,8207,,,
54841,8208,,,
53688,8209,0:34:00,,
51079,8210,,,
50585,8211,,,
50423,8212,,,
51334,8213,,,
54184,8214,,,
50845,8215,,,
50336,8216,,,
51149,8217,,,
50440,8218,,,
55161,8219,,,
54196,8220,,,
53395,8221,,,
54671,8222,,,
54174,8223,,,
53037,8224,0:34:17,,
55057,8225,,,
54787,8226,,,
50737,8227,,,
50274,8228,,,
53644,8229,,,
50968,8230,,,
55076,8231,,,
53569,8232,,,
54553,8233,,,
53842,8234,,,
53578,8235,,,
51328,8236,,,
55163,8237,,,
54214,8238,,,
51225,8239,,,
54720,8240,,,
50849,8241,,,
53456,8242,0:46:19,,
50878,8243,,,
51333,8244,,,
53931,8245,0:35:55,,
55108,8246,,,
54702,8247,,,
54549,8248,,,
53977,8249,,,
50977,8250,,,
50891,8251,,,
54905,8252,,,
51155,8253,,,
54856,8254,,,
50898,8255,,,
50529,8256,,,
54685,8257,,,
51292,8258,,,
51249,8259,,,
50946,8260,,,
53256,8261,0:34:50,,
54976,8262,,,
50596,8263,0:37:15,,
51226,8264,,,
54883,8265,,,
55067,8266,,,
54104,8267,,,
51118,8268,,,
50806,8269,,,
54682,8270,,,
50545,8271,,,
50789,8272,,,
55141,8273,,,
54010,8274,,,
51122,8275,,,
54837,8276,,,
51051,8277,,,
50924,8278,,,
53794,8279,0:35:23,,
53679,8280,,,
51057,8281,,,
55152,8282,,,
55079,8283,,,
54586,8284,,,
51235,8285,,,
53531,8286,,,
50575,8287,,,
54703,8288,,,
54071,8289,,,
51330,8290,,,
50920,8291,,,
54581,8292,,,
54055,8293,,,
53900,8294,,,
53865,8295,,,
51356,8296,,,
51242,8297,,,
54712,8298,,,
54027,8299,0:37:54,,
53230,8300,0:33:47,,
50333,8301,,,
54743,8302,,,
53783,8303,,,
53728,8304,0:33:28,,
53283,8305,0:34:45,,
51777,8306,,,
50830,8307,,,
50134,8308,,,
55119,8309,,,
54562,8310,,,
51026,8311,,,
53250,8312,,,
54827,8313,,,
54213,8314,,,
54008,8315,,,
51203,8316,,,
50976,8317,,,
53533,8318,,,
51056,8319,,,
50938,8320,,,
50166,8321,,,
53599,8322,,,
55053,8323,,,
51162,8324,,,
54981,8325,,,
54220,8326,,,
51100,8327,,,
51039,8328,,,
51032,8329,,,
53930,8330,,,
51141,8331,,,
50773,8332,,,
53360,8333,,,
55121,8334,,,
51015,8335,,,
55012,8336,,,
53575,8337,0:43:30,,
50488,8338,,,
50196,8339,,,
53561,8340,,,
51064,8341,,,
50869,8342,,,
50457,8343,,,
54868,8344,,,
54585,8345,,,
54229,8346,,,
55004,8347,,,
53897,8348,,,
53516,8349,,,
53127,8350,,,
50465,8351,0:39:49,,
55162,8352,,,
54616,8353,,,
51067,8354,,,
50951,8355,,,
50776,8356,,,
53325,8357,,,
51071,8358,,,
50982,8359,,,
50683,8360,,,
50576,8361,,,
51086,8362,,,
55024,8363,,,
54995,8364,,,
54944,8365,,,
54923,8366,,,
55008,8367,,,
50656,8368,,,
51188,8369,,,
54988,8370,,,
51208,8371,,,
50790,8372,,,
54708,8373,,,
54592,8374,,,
50680,8375,,,
54803,8376,,,
53682,8377,,,
50588,8378,,,
54941,8379,,,
50979,8380,,,
50768,8381,,,
55071,8382,,,
54691,8383,,,
51046,8384,,,
50785,8385,,,
54870,8386,,,
53721,8387,,,
51349,8388,,,
50985,8389,,,
50672,8390,,,
54704,8391,,,
54661,8392,,,
51247,8393,,,
51066,8394,,,
53632,8395,,,
51301,8396,,,
54938,8397,,,
50856,8398,,,
51280,8399,,,
50766,8400,,,
55149,8401,,,
51275,8402,,,
53481,8403,0:40:33,,
54534,8404,,,
50460,8405,,,
53805,8406,0:33:00,,
50913,8407,,,
54765,8408,,,
51108,8409,,,
50094,8410,,,
55077,8411,,,
50478,8412,,,
50814,8413,,,
54828,8414,,,
51314,8415,,,
51163,8416,,,
54020,8417,,,
54150,8418,,,
54144,8419,,,
55002,8420,,,
53809,8421,,,
50681,8422,,,
55086,8423,,,
54821,8424,,,
51983,8425,,,
51006,8426,,,
55044,8427,,,
50834,8428,,,
54754,8429,,,
51084,8430,,,
50480,8431,,,
50389,8432,,,
51080,8433,,,
51030,8434,,,
54965,8435,,,
54719,8436,,,
54689,8437,,,
53912,8438,,,
51307,8439,,,
50873,8440,,,
51091,8441,,,
54867,8442,,,
54899,8443,,,
54636,8444,,,
53509,8445,,,
50848,8446,,,
51152,8447,,,
51089,8448,,,
50786,8449,,,
55054,8450,,,
53804,8451,,,
51115,8452,,,
50691,8453,,,
53658,8454,0:31:43,,
54990,8455,,,
51271,8456,,,
54019,8457,,,
51058,8458,,,
50916,8459,,,
50875,8460,,,
55148,8461,,,
51302,8462,,,
55089,8463,,,
54683,8464,,,
53039,8465,0:37:47,,
51034,8466,,,
50798,8467,,,
50767,8468,,,
54538,8469,,,
53480,8470,0:39:56,,
53065,8471,,,
51036,8472,,,
53973,8473,,,
51286,8474,,,
50515,8475,,,
55056,8476,,,
55000,8477,,,
55136,8478,,,
53849,8479,,,
53755,8480,,,
51154,8481,,,
55101,8482,,,
54591,8483,,,
51142,8484,,,
50795,8485,,,
55009,8486,,,
54751,8487,,,
54742,8488,,,
50561,8489,,,
54906,8490,,,
54839,8491,,,
51199,8492,,,
51157,8493,,,
53747,8494,,,
51153,8495,,,
54891,8496,,,
54836,8497,,,
54618,8498,,,
54041,8499,,,
50919,8500,,,
55133,8501,,,
51143,8502,,,
54805,8503,,,
54564,8504,,,
53140,8505,,,
50761,8506,,,
54840,8507,,,
54753,8508,,,
50871,8509,,,
54647,8510,,,
53131,8511,,,
51087,8512,,,
54645,8513,,,
51329,8514,,,
54782,8515,,,
53882,8516,,,
51262,8517,,,
50937,8518,,,
50931,8519,,,
54191,8520,,,
54183,8521,,,
54686,8522,,,
54595,8523,,,
54901,8524,,,
53317,8525,,,
54546,8526,,,
54577,8527,,,
53460,8528,,,
53513,8529,,,
50939,8530,,,
50901,8531,,,
50376,8532,0:40:03,,
54774,8533,,,
50965,8534,,,
50727,8535,,,
54940,8536,,,
54832,8537,,,
54090,8538,,,
50962,8539,,,
50815,8540,,,
55064,8541,,,
50877,8542,,,
53896,8543,,,
50992,8544,,,
54684,8545,,,
54601,8546,,,
54222,8547,,,
53524,8548,,,
54846,8549,,,
54223,8550,,,
50599,8551,,,
54819,8552,,,
53214,8553,,,
54013,8554,,,
53926,8555,,,
54788,8556,,,
54208,8557,,,
50475,8558,,,
50459,8559,,,
50650,8560,,,
50301,8561,0:34:49,,
53514,8562,0:33:31,,
53341,8563,0:37:37,,
53045,8564,,,
50909,8565,,,
53508,8566,,,
54921,8567,,,
54725,8568,,,
53308,8569,0:37:45,,
55146,8570,,,
54740,8571,,,
54584,8572,,,
54642,8573,,,
50490,8574,,,
51308,8575,,,
51005,8576,,,
50492,8577,,,
54075,8578,,,
54679,8579,,,
54530,8580,,,
50894,8581,,,
54884,8582,,,
51325,8583,,,
55155,8584,,,
51012,8585,,,
50405,8586,,,
54744,8587,,,
50579,8588,,,
54590,8589,,,
53624,8590,,,
52678,8591,,,
51202,8592,,,
50928,8593,,,
51300,8594,,,
51298,8595,,,
50057,8596,,,
55025,8597,,,
55150,8598,,,
54070,8599,,,
50791,8600,,,
54866,8601,,,
53603,8602,,,
54626,8603,,,
53263,8604,,,
54045,8605,,,
50822,8606,,,
53808,8607,,,
50033,8608,,,
54865,8609,,,
54151,8610,,,
53841,8611,,,
53647,8612,,,
51206,8613,,,
55034,8614,,,
54756,8615,,,
53774,8616,,,
54987,8617,,,
54198,8618,,,
51002,8619,,,
50981,8620,,,
54910,8621,,,
50885,8622,,,
54589,8623,,,
54634,8624,,,
50993,8625,,,
54797,8626,,,
54556,8627,,,
53340,8628,,,
55132,8629,,,
54895,8630,,,
51082,8631,,,
50539,8632,,,
50998,8633,,,
51238,8634,,,
54997,8635,,,
54813,8636,,,
51251,8637,,,
54897,8638,,,
55059,8639,,,
51029,8640,,,
53680,8641,,,
51345,8642,,,
51096,8643,,,
50508,8644,,,
53863,8645,,,
51291,8646,,,
54768,8647,,,
54038,8648,,,
51041,8649,,,
53226,8650,,,
50557,8651,,,
53824,8652,,,
50857,8653,,,
54574,8654,,,
50645,8655,,,
50040,8656,,,
53840,8657,,,
54731,8658,,,
51320,8659,,,
54848,8660,,,
51136,8661,,,
55131,8662,,,
52852,8663,,,
51004,8664,,,
50957,8665,,,
50874,8666,,,
51358,8667,,,
50966,8668,,,
50728,8669,,,
54972,8670,,,
53372,8671,0:34:50,,
51297,8672,,,
50942,8673,,,
55007,8674,,,
54956,8675,,,
50882,8676,,,
51192,8677,,,
50116,8678,,,
51316,8679,,,
53810,8680,,,
54069,8681,0:35:42,,
51984,8682,,,
54993,8683,,,
51169,8684,,,
54677,8685,,,
50896,8686,,,
54783,8687,,,
51240,8688,,,
55011,8689,,,
54727,8690,,,
54062,8691,0:47:24,,
53856,8692,,,
51246,8693,,,
54794,8694,,,
54623,8695,,,
54081,8696,,,
50627,8697,,,
54851,8698,,,
53630,8699,,,
53587,8700,0:50:03,,
51255,8701,,,
51098,8702,,,
50777,8703,,,
50410,8704,,,
54962,8705,,,
54566,8706,,,
53830,8707,,,
55073,8708,,,
54536,8709,,,
55019,8710,,,
54961,8711,,,
53596,8712,,,
50283,8713,,,
53616,8714,,,
54635,8715,,,
54206,8716,,,
50842,8717,,,
54644,8718,,,
54129,8719,,,
51070,8720,,,
54612,8721,,,
54776,8722,,,
54784,8723,,,
53785,8724,,,
51158,8725,,,
55113,8726,,,
53349,8727,,,
51177,8728,,,
50917,8729,,,
55040,8730,,,
54949,8731,,,
53879,8732,,,
55016,8733,,,
54772,8734,,,
54058,8735,,,
53975,8736,,,
50591,8737,0:36:55,,
54711,8738,,,
55033,8739,,,
54928,8740,,,
53502,8741,,,
51063,8742,,,
54560,8743,,,
53707,8744,,,
51024,8745,,,
51229,8746,,,
54651,8747,,,
54877,8748,,,
51305,8749,,,
50230,8750,,,
54929,8751,,,
54842,8752,,,
51059,8753,,,
50765,8754,,,
54073,8755,0:43:27,,
53832,8756,,,
53169,8757,0:37:07,,
51272,8758,,,
54977,8759,,,
53751,8760,,,
55118,8761,,,
54924,8762,,,
55092,8763,,,
54120,8764,,,
50424,8765,,,
54639,8766,,,
51147,8767,,,
50988,8768,,,
54799,8769,,,
54628,8770,,,
51168,8771,,,
50936,8772,,,
50797,8773,,,
55153,8774,,,
51127,8775,,,
50925,8776,,,
50893,8777,,,
54937,8778,,,
54580,8779,,,
53134,8780,0:34:37,,
54939,8781,,,
54855,8782,,,
54757,8783,,,
54687,8784,,,
50796,8785,,,
50263,8786,,,
54825,8787,,,
54555,8788,,,
54122,8789,,,
50996,8790,,,
54653,8791,,,
54886,8792,,,
54752,8793,,,
54576,8794,,,
53871,8795,,,
51123,8796,,,
50972,8797,,,
50637,8798,,,
51000,8799,,,
54761,8800,,,
54547,8801,,,
54741,8802,,,
53715,8803,,,
53147,8804,,,
50880,8805,,,
54705,8806,,,
54699,8807,,,
53618,8808,,,
51166,8809,,,
53650,8810,,,
55001,8811,,,
53458,8812,,,
53410,8813,,,
53992,8814,,,
53869,8815,,,
55046,8816,,,
53237,8817,,,
51258,8818,,,
54935,8819,,,
51322,8820,,,
51317,8821,,,
51156,8822,,,
50763,8823,,,
55043,8824,,,
54898,8825,,,
51304,8826,,,
50483,8827,,,
53078,8828,0:32:25,,
51180,8829,,,
54078,8830,0:41:52,,
50030,8831,,,
54631,8832,,,
50603,8833,0:36:06,,
55168,8834,,,
54857,8835,,,
51254,8836,,,
50934,8837,,,
50787,8838,,,
54673,8839,,,
54658,8840,,,
54610,8841,,,
54015,8842,,,
54017,8843,,,
53788,8844,,,
53956,8845,,,
53768,8846,,,
53577,8847,,,
51131,8848,,,
51048,8849,,,
51047,8850,,,
54633,8851,,,
54582,8852,,,
51052,8853,,,
50827,8854,,,
54810,8855,,,
51185,8856,,,
53220,8857,,,
51106,8858,,,
50463,8859,,,
54076,8860,,,
53595,8861,,,
51061,8862,,,
54065,8863,,,
53691,8864,,,
51980,8865,,,
55061,8866,,,
53891,8867,,,
51347,8868,,,
55126,8869,,,
54735,8870,,,
50514,8871,,,
55106,8872,,,
54953,8873,,,
54605,8874,,,
50879,8875,,,
54197,8876,,,
50858,8877,,,
50747,8878,0:37:59,,
50825,8879,,,
54816,8880,,,
51146,8881,,,
54967,8882,,,
53819,8883,,,
51121,8884,,,
50889,8885,,,
54759,8886,,,
54602,8887,,,
54876,8888,,,
54698,8889,,,
53916,8890,,,
50986,8891,,,
50948,8892,,,
51293,8893,,,
51133,8894,,,
51353,8895,,,
50659,8896,,,
54672,8897,,,
54662,8898,,,
54625,8899,,,
51221,8900,,,
51139,8901,,,
54913,8902,,,
53941,8903,,,
53833,8904,,,
50944,8905,,,
54764,8906,,,
53558,8907,,,
51198,8908,,,
50467,8909,0:39:51,,
50870,8910,,,
50499,8911,,,
53901,8912,,,
53245,8913,,,
50897,8914,,,
53501,8915,,,
51160,8916,,,
55117,8917,,,
54541,8918,,,
54215,8919,,,
54023,8920,,,
53918,8921,,,
53125,8922,,,
51113,8923,,,
54709,8924,,,
54930,8925,,,
53178,8926,0:34:21,,
54943,8927,,,
54789,8928,,,
53976,8929,,,
51088,8930,,,
50784,8931,,,
54113,8932,0:35:58,,
53499,8933,0:34:17,,
54871,8934,,,
51244,8935,,,
51003,8936,,,
51350,8937,,,
50852,8938,,,
54985,8939,,,
50922,8940,,,
54894,8941,,,
53693,8942,,,
53655,8943,0:31:42,,
53504,8944,,,
54998,8945,,,
54831,8946,,,
51175,8947,,,
53629,8948,,,
53257,8949,0:34:49,,
51217,8950,,,
54082,8951,,,
53690,8952,,,
50997,8953,,,
50427,8954,,,
55157,8955,,,
50840,8956,,,
54664,8957,,,
53806,8958,,,
53597,8959,,,
50812,8960,,,
51294,8961,,,
51101,8962,,,
50774,8963,,,
51283,8964,,,
50832,8965,,,
54701,8966,,,
54676,8967,,,
53907,8968,,,
50843,8969,,,
51117,8970,,,
55013,8971,,,
50779,8972,,,
50943,8973,,,
53670,8974,,,
54599,8975,,,
53368,8976,,,
53182,8977,,,
53506,8978,,,
50093,8979,,,
55097,8980,,,
53554,8981,,,
51201,8982,,,
51303,8983,,,
50770,8984,,,
55062,8985,,,
53232,8986,0:37:02,,
50775,8987,,,
54917,8988,,,
53754,8989,,,
50619,8990,,,
54835,8991,,,
54201,8992,,,
51231,8993,,,
51295,8994,,,
51179,8995,,,
54665,8996,,,
54544,8997,,,
50854,8998,,,
54098,8999,,,
54667,9000,,,
55069,9001,,,
54854,9002,,,
54716,9003,,,
54561,9004,,,
53529,9005,,,
51194,9006,,,
50262,9007,,,
54571,9008,,,
51109,9009,,,
51094,9010,,,
55098,9011,,,
55115,9012,,,
50215,9013,,,
54795,9014,,,
53646,9015,,,
54091,9016,,,
51191,9017,,,
51130,9018,,,
51018,9019,,,
54563,9020,,,
54791,9021,,,
51090,9022,,,
55124,9023,,,
54640,9024,,,
53515,9025,0:36:05,,
50949,9026,,,
54059,9027,,,
55156,9028,,,
54034,9029,,,
54861,9030,,,
51172,9031,,,
50929,9032,,,
54057,9033,,,
55050,9034,,,
53657,9035,,,
51075,9036,,,
51068,9037,,,
54035,9038,,,
53919,9039,,,
51348,9040,,,
54812,9041,,,
53671,9042,,,
50960,9043,,,
50720,9044,,,
53498,9045,0:34:19,,
50417,9046,,,
51259,9047,,,
50974,9048,,,
54061,9049,,,
50551,9050,,,
55167,9051,,,
54204,9052,,,
54089,9053,,,
51234,9054,,,
50084,9055,,,
54952,9056,,,
51173,9057,,,
50888,9058,,,
53947,9059,,,
53889,9060,,,
55042,9061,,,
51278,9062,,,
50841,9063,,,
55029,9064,,,
53696,9065,,,
53316,9066,,,
51119,9067,,,
55122,9068,,,
53743,9069,,,
54105,9070,,,
53645,9071,,,
51020,9072,,,
54994,9073,,,
55093,9074,,,
53731,9075,,,
51165,9076,,,
53520,9077,,,
53539,9078,,,
51038,9079,,,
51037,9080,,,
54748,9081,,,
54542,9082,,,
50872,9083,,,
55104,9084,,,
50828,9085,,,
55060,9086,,,
55018,9087,,,
54593,9088,,,
53823,9089,,,
51209,9090,,,
51140,9091,,,
54056,9092,,,
50911,9093,,,
50216,9094,,,
54575,9095,,,
50999,9096,,,
50950,9097,,,
50644,9098,,,
55052,9099,,,
53872,9100,,,
53172,9101,0:32:11,,
51237,9102,,,
54543,9103,,,
54179,9104,,,
51092,9105,,,
53825,9106,,,
54597,9107,,,
54135,9108,,,
53490,9109,,,
51176,9110,,,
51111,9111,,,
55116,9112,,,
54922,9113,,,
54729,9114,,,
53890,9115,,,
54660,9116,,,
54136,9117,,,
50418,9118,,,
53727,9119,,,
50409,9120,,,
54766,9121,,,
51081,9122,,,
51332,9123,,,
51009,9124,,,
53844,9125,0:35:38,,
50422,9126,,,
50781,9127,,,
50027,9128,,,
55045,9129,,,
54888,9130,,,
54845,9131,,,
51008,9132,,,
54853,9133,,,
51284,9134,,,
55051,9135,,,
50926,9136,,,
50876,9137,,,
55023,9138,,,
51287,9139,,,
51132,9140,,,
55005,9141,,,
53711,9142,,,
51290,9143,,,
51001,9144,,,
50975,9145,,,
54974,9146,,,
54024,9147,0:35:28,,
53945,9148,,,
50833,9149,,,
50813,9150,,,
53978,9151,,,
50315,9152,,,
53712,9153,,,
51257,9154,,,
50904,9155,,,
50861,9156,,,
55070,9157,,,
55080,9158,,,
55075,9159,,,
54920,9160,,,
53692,9161,,,
50846,9162,,,
53609,9163,,,
51077,9164,,,
50751,9165,,,
55096,9166,,,
55078,9167,,,
54608,9168,,,
50562,9169,,,
51310,9170,,,
51025,9171,,,
54755,9172,,,
54011,9173,,,
53787,9174,,,
51107,9175,,,
54192,9176,,,
51170,9177,,,
50955,9178,,,
50202,9179,,,
55039,9180,,,
54051,9181,,,
53948,9182,,,
53773,9183,,,
51355,9184,,,
50345,9185,,,
53750,9186,,,
51189,9187,,,
50665,9188,,,
54849,9189,,,
54728,9190,,,
50684,9191,,,
55072,9192,,,
51273,9193,,,
51102,9194,,,
54064,9195,,,
53505,9196,,,
54540,9197,,,
54107,9198,,,
50416,9199,,,
54822,9200,,,
50910,9201,,,
53586,9202,,,
51339,9203,,,
55137,9204,,,
54914,9205,,,
53746,9206,,,
50582,9207,,,
51213,9208,,,
50807,9209,,,
54099,9210,,,
53643,9211,,,
51186,9212,,,
50805,9213,,,
50407,9214,,,
53426,9215,0:34:56,,
50826,9216,,,
50983,9217,,,
53622,9218,,,
54722,9219,,,
54097,9220,,,
54908,9221,,,
54823,9222,,,
54696,9223,,,
54875,9224,,,
50927,9225,,,
55103,9226,,,
54966,9227,,,
54792,9228,,,
53560,9229,,,
51289,9230,,,
50670,9231,,,
54533,9232,,,
53915,9233,,,
50756,9234,,,
50668,9235,,,
50729,9236,,,
50696,9237,,,
50535,9238,,,
54548,9239,,,
54963,9240,,,
54557,9241,,,
50700,9242,,,
50404,9243,,,
54088,9244,,,
50110,9245,,,
54620,9246,,,
51099,9247,,,
51095,9248,,,
50838,9249,,,
53854,9250,,,
51035,9251,,,
54796,9252,,,
55082,9253,,,
54969,9254,,,
54955,9255,,,
53761,9256,0:36:15,,
51060,9257,,,
50958,9258,,,
54060,9259,0:57:21,,
53702,9260,,,
50887,9261,,,
55088,9262,,,
51277,9263,,,
50930,9264,,,
54964,9265,,,
54718,9266,,,
54638,9267,,,
50745,9268,0:34:16,,
51236,9269,,,
51335,9270,,,
53826,9271,,,
53740,9272,,,
51351,9273,,,
51033,9274,,,
50935,9275,,,
50755,9276,,,
54594,9277,,,
50413,9278,,,
54859,9279,,,
50783,9280,,,
55125,9281,,,
54858,9282,,,
54629,9283,,,
51114,9284,,,
53540,9285,,,
53807,9286,,,
53420,9287,,,
53031,9288,0:37:50,,
51228,9289,,,
50971,9290,,,
50941,9291,,,
54747,9292,,,
50641,9293,,,
53606,9294,,,
50991,9295,,,
50547,9296,,,
54864,9297,,,
54003,9298,,,
50624,9299,,,
54957,9300,,,
54950,9301,,,
51337,9302,,,
51341,9303,,,
51281,9304,,,
50915,9305,,,
50793,9306,,,
50752,9307,,,
50193,9308,,,
51144,9309,,,
54992,9310,,,
55151,9311,,,
55038,9312,,,
54588,9313,,,
54551,9314,,,
51215,9315,,,
51097,9316,,,
50486,9317,,,
51195,9318,,,
53922,9319,,,
50866,9320,,,
50640,9321,,,
51040,9322,,,
50959,9323,,,
53732,9324,,,
54212,9325,,,
53876,9326,,,
53517,9327,,,
51074,9328,,,
55128,9329,,,
51266,9330,,,
50863,9331,,,
53675,9332,,,
51013,9333,,,
55022,9334,,,
55006,9335,,,
53795,9336,,,
54072,9337,,,
54066,9338,,,
54032,9339,,,
54654,9340,,,
54148,9341,,,
53132,9342,,,
50414,9343,,,
51076,9344,,,
51110,9345,,,
50406,9346,,,
54926,9347,,,
50817,9348,,,
55134,9349,,,
54793,9350,,,
54042,9351,,,
51196,9352,,,
51184,9353,,,
50507,9354,,,
55142,9355,,,
53235,9356,0:37:11,,
51212,9357,,,
53839,9358,,,
55032,9359,,,
54968,9360,,,
53380,9361,0:34:20,,
53678,9362,,,
51078,9363,,,
50136,9364,0:26:28,,
50923,9365,,,
54942,9366,,,
54762,9367,,,
51309,9368,,,
51019,9369,,,
50865,9370,,,
50281,9371,,,
54999,9372,,,
53816,9373,,,
51055,9374,,,
50474,9375,0:53:05,,
54890,9376,,,
54681,9377,,,
53667,9378,,,
50470,9379,,,
54900,9380,,,
54818,9381,,,
54690,9382,,,
50484,9383,,,
50583,9384,,,
53884,9385,,,
51270,9386,,,
51267,9387,,,
50899,9388,,,
50211,9389,,,
54068,9390,0:57:21,,
51344,9391,,,
50819,9392,,,
50373,9393,0:41:46,,
51065,9394,,,
50453,9395,,,
54936,9396,,,
51256,9397,,,
51205,9398,,,
50980,9399,,,
54801,9400,,,
54607,9401,,,
54604,9402,,,
50792,9403,,,
55094,9404,,,
54572,9405,,,
50914,9406,,,
50864,9407,,,
55123,9408,,,
53231,9409,,,
50666,9410,,,
54860,9411,,,
50782,9412,,,
54785,9413,,,
54717,9414,,,
50772,9415,,,
54767,9416,,,
54622,9417,,,
51265,9418,,,
54847,9419,,,
53617,9420,,,
50836,9421,,,
53612,9422,,,
51346,9423,,,
55165,9424,,,
53649,9425,,,
50831,9426,,,
55127,9427,,,
54659,9428,,,
54657,9429,,,
53946,9430,,,
51181,9431,,,
50816,9432,,,
50623,9433,,,
50227,9434,,,
50074,9435,,,
51031,9436,,,
50495,9437,,,
54012,9438,,,
50064,9439,,,
50963,9440,,,
50906,9441,,,
50803,9442,,,
54925,9443,,,
53684,9444,,,
53459,9445,,,
50435,9446,,,
55003,9447,,,
54063,9448,0:33:28,,
51227,9449,,,
55035,9450,,,
50881,9451,,,
50810,9452,,,
50120,9453,,,
53247,9454,,,
52929,9455,,,
51050,9456,,,
50730,9457,,,
50711,9458,,,
53382,9459,0:34:21,,
54554,9460,,,
54931,9461,,,
50243,9462,,,
50044,9463,0:36:00,,
53861,9464,0:35:54,,
51274,9465,,,
50432,9466,,,
51044,9467,,,
50513,9468,,,
53949,9469,,,
54790,9470,,,
54200,9471,,,
50586,9472,,,
53530,9473,,,
50425,9474,,,
50085,9475,,,
55017,9476,,,
54714,9477,,,
53116,9478,,,
53933,9479,,,
51219,9480,,,
55555,9481,,,
53607,9482,,,
53584,9483,,,
51171,9484,,,
50954,9485,,,
50799,9486,,,
53370,9487,0:34:36,,
50859,9488,,,
50577,9489,,,
51150,9490,,,
50850,9491,,,
50824,9492,,,
54915,9493,,,
54773,9494,,,
50967,9495,,,
54080,9496,,,
54989,9497,,,
51042,9498,,,
50973,9499,,,
55678,9500,,,
50829,9501,,,
53637,9502,,,
53233,9503,,,
50987,9504,,,
50694,9505,,,
53782,9506,,,
53634,9507,,,
54991,9508,,,
54726,9509,,,
50590,9510,0:36:11,,
50516,9511,,,
53835,9512,,,
53669,9513,0:51:30,,
51279,9514,,,
50964,9515,,,
53763,9516,,,
53402,9517,,,
54978,9518,,,
53073,9519,,,
55030,9520,,,
51151,9521,,,
54948,9522,,,
53276,9523,,,
50433,9524,,,
54692,9525,,,
50419,9526,0:31:33,,
54844,9527,,,
51159,9528,,,
50758,9529,,,
50734,9530,,,
54535,9531,,,
54067,9532,,,
51269,9533,,,
50595,9534,,,
53594,9535,,,
53089,9536,,,
51023,9537,,,
54896,9538,,,
54706,9539,,,
54669,9540,,,
51313,9541,,,
54678,9542,,,
53602,9543,,,
53576,9544,,,
51306,9545,,,
55159,9546,,,
54624,9547,,,
54209,9548,,,
53177,9549,0:36:58,,
54817,9550,,,
54085,9551,,,
54621,9552,,,
53611,9553,,,
53000,9554,,,
54770,9555,,,
55085,9556,,,
50621,9557,,,
54617,9558,,,
53534,9559,,,
51214,9560,,,
51183,9561,,,
51120,9562,,,
51014,9563,,,
54892,9564,,,
54583,9565,,,
54018,9566,,,
51359,9567,,,
51264,9568,,,
51011,9569,,,
54946,9570,,,
54559,9571,,,
50344,9572,,,
53142,9573,,,
50743,9574,,,
53868,9575,,,
51296,9576,,,
51288,9577,,,
53714,9578,,,
53252,9579,0:36:02,,
54975,9580,,,
50895,9581,,,
55112,9582,,,
50804,9583,,,
50548,9584,,,
54694,9585,,,
55074,9586,,,
54568,9587,,,
51338,9588,,,
54181,9589,,,
53938,9590,0:35:47,,
50635,9591,,,
54760,9592,,,
53604,9593,,,
51073,9594,,,
54811,9595,,,
54668,9596,,,
51260,9597,,,
54887,9598,,,
51343,9599,,,
53621,9600,,,
55140,9601,,,
53665,9602,,,
50902,9603,,,
54650,9604,,,
54643,9605,,,
54570,9606,,,
54205,9607,,,
51072,9608,,,
54734,9609,,,
53720,9610,,,
53683,9611,,,
53660,9612,,,
55111,9613,,,
54833,9614,,,
54169,9615,,,
54904,9616,,,
53910,9617,,,
54750,9618,,,
55048,9619,,,
54850,9620,,,
53893,9621,,,
53527,9622,,,
51161,9623,,,
54730,9624,,,
53925,9625,,,
51128,9626,,,
54885,9627,,,
54814,9628,,,
51216,9629,,,
53772,9630,,,
52888,9631,,,
51207,9632,,,
55107,9633,,,
54826,9634,,,
54739,9635,,,
51187,9636,,,
55031,9637,,,
54161,9638,,,
51223,9639,,,
54869,9640,,,
53734,9641,,,
53448,9642,,,
53641,9643,,,
55144,9644,,,
50564,9645,,,
54609,9646,,,
53654,9647,,,
54550,9648,,,
53445,9649,0:34:28,,
50762,9650,,,
51135,9651,,,
54737,9652,,,
54613,9653,,,
53562,9654,0:35:43,,
51357,9655,,,
51182,9656,,,
53573,9657,0:36:20,,
53521,9658,,,
50820,9659,,,
54109,9660,,,
50800,9661,,,
50298,9662,,,
50794,9663,,,
50450,9664,,,
50187,9665,,,
54648,9666,,,
54951,9667,,,
54919,9668,,,
54611,9669,,,
54025,9670,,,
53568,9671,,,
53756,9672,0:31:08,,
50961,9673,,,
50903,9674,,,
50043,9675,0:35:57,,
50860,9676,,,
53668,9677,0:47:19,,
51243,9678,,,
50338,9679,0:34:58,,
53185,9680,,,
51093,9681,,,
50890,9682,,,
54646,9683,,,
54598,9684,,,
50933,9685,,,
53541,9686,,,
53255,9687,,,
51069,9688,,,
50749,9689,,,
50685,9690,,,
50589,9691,0:36:55,,
54902,9692,,,
51116,9693,,,
54838,9694,,,
54641,9695,,,
50454,9696,0:50:06,,
51211,9697,,,
54947,9698,,,
54188,9699,,,
53623,9700,,,
51321,9701,,,
51178,9702,,,
50808,9703,,,
50769,9704,,,
55109,9705,,,
51083,9706,,,
53940,9707,0:35:37,,
50707,9708,,,
54199,9709,,,
50908,9710,,,
54675,9711,,,
54587,9712,,,
51148,9713,,,
50868,9714,,,
54186,9715,,,
54637,9716,,,
54569,9717,,,
53845,9718,0:36:07,,
53557,9719,,,
53407,9720,,,
50764,9721,,,
53593,9722,,,
54579,9723,,,
54558,9724,,,
53706,9725,,,
51007,9726,,,
50587,9727,,,
50952,9728,,,
55020,9729,,,
54688,9730,,,
54102,9731,,,
51327,9732,,,
50978,9733,,,
55028,9734,,,
53626,9735,,,
53156,9736,,,
51197,9737,,,
53923,9738,,,
50738,9739,,,
50462,9740,,,
50083,9741,,,
54565,9742,,,
54808,9743,,,
50821,9744,,,
53828,9745,,,
55010,9746,,,
50853,9747,,,
50408,9748,,,
51340,9749,,,
50732,9750,,,
54763,9751,,,
53381,9752,0:34:26,,
50137,9753,,,
55143,9754,,,
54715,9755,,,
54674,9756,,,
55087,9757,,,
54862,9758,,,
53666,9759,,,
50739,9760,,,
54600,9761,,,
53713,9762,0:31:33,,
54710,9763,,,
53183,9764,0:34:17,,
50945,9765,,,
53846,9766,,,
50994,9767,,,
54086,9768,,,
53708,9769,,,
53222,9770,0:34:27,,
51021,9771,,,
54749,9772,,,
53653,9773,,,
50940,9774,,,
50365,9775,,,
53695,9776,,,
51285,9777,,,
51049,9778,,,
50818,9779,,,
50736,9780,,,
54039,9781,,,
54016,9782,,,
53550,9783,,,
50062,9784,,,
55135,9785,,,
54630,9786,,,
50823,9787,,,
50501,9788,,,
53781,9789,,,
53024,9790,,,
55129,9791,,,
54578,9792,,,
51174,9793,,,
50809,9794,,,
50115,9795,,,
51124,9796,,,
50907,9797,,,
54824,9798,,,
55114,9799,,,
55065,9800,,,
54927,9801,,,
54769,9802,,,
51138,9803,,,
51204,9804,,,
51010,9805,,,
50280,9806,,,
55145,9807,,,
50493,9808,,,
54984,9809,,,
53764,9810,,,
50989,9811,,,
50706,9812,,,
55110,9813,,,
51319,9814,,,
54780,9815,,,
51129,9816,,,
50802,9817,,,
50479,9818,,,
54933,9819,,,
54077,9820,,,
53812,9821,,,
50847,9822,,,
55158,9823,,,
54154,9824,,,
53726,9825,,,
50538,9826,,,
54970,9827,,,
51104,9828,,,
54878,9829,,,
54807,9830,,,
50771,9831,,,
55015,9832,,,
55014,9833,,,
54182,9834,,,
55066,9835,,,
53779,9836,,,
53467,9837,,,
53615,9838,,,
55068,9839,,,
51326,9840,,,
50884,9841,,,
54779,9842,,,
51224,9843,,,
54982,9844,,,
51112,9845,,,
50900,9846,,,
50742,9847,,,
50552,9848,0:50:07,,
55055,9849,,,
54655,9850,,,
54226,9851,,,
51252,9852,,,
53811,9853,,,
54874,9854,,,
54829,9855,,,
51017,9856,,,
54815,9857,,,
54094,9858,,,
54724,9859,,,
54531,9860,,,
51239,9861,,,
50421,9862,,,
53742,9863,,,
50780,9864,,,
54721,9865,,,
53964,9866,,,
53905,9867,,,
53227,9868,,,
50918,9869,,,
55099,9870,,,
54889,9871,,,
53880,9872,,,
51352,9873,,,
51245,9874,,,
51027,9875,,,
50543,9876,,,
50058,9877,,,
51054,9878,0:34:13,,
54723,9879,,,
53920,9880,,,
51324,9881,,,
54918,9882,,,
54178,9883,,,
53722,9884,,,
55090,9885,,,
54893,9886,,,
54809,9887,,,
54087,9888,,,
53798,9889,,,
54932,9890,,,
54986,9891,,,
54909,9892,,,
54707,9893,,,
54680,9894,,,
54663,9895,,,
54745,9896,,,
53887,9897,,,
53777,9898,,,
55160,9899,,,
54758,9900,,,
51336,9901,,,
55037,9902,,,
51354,9903,,,
51342,9904,,,
50580,9905,,,
55058,9906,,,
53723,9907,,,
51085,9908,,,
54980,9909,,,
55164,9910,,,
53507,9911,,,
54771,9912,,,
51323,9913,,,
55166,9914,,,
54903,9915,,,
54627,9916,,,
54713,9917,,,
54606,9918,,,
51053,9919,,,
54971,9920,,,
53238,9921,,,
54746,9922,,,
54732,9923,,,
53875,9924,,,
53466,9925,,,
50441,9926,,,
53648,9927,,,
50477,9928,,,
54074,9929,,,
51167,9930,,,
50546,9931,,,
54852,9932,,,
53627,9933,,,
50726,9934,,,
54545,9935,0:36:00,,
54180,9936,,,
51232,9937,,,
53614,9938,,,
53528,9939,,,
50956,9940,,,
55021,9941,,,
54781,9942,,,
53537,9943,,,
51190,9944,,,
55036,9945,,,
51241,9946,,,
54806,9947,,,
54778,9948,,,
54656,9949,,,
51331,9950,,,
50844,9951,,,
50835,9952,,,
54879,9953,,,
53333,9954,,,
51233,9955,,,
50618,9956,,,
50213,9957,,,
54043,9958,,,
54537,9959,,,
51268,9960,,,
51134,9961,,,
51103,9962,,,
53917,9963,,,
51022,9964,,,
55026,9965,,,
53591,9966,,,
50837,9967,,,
53993,9968,,,
50391,9969,,,
54916,9970,,,
54736,9971,,,
53525,9972,,,
54775,9973,,,
53929,9974,,,
53628,9975,,,
50678,9976,,,
55083,9977,,,
54802,9978,,,
54573,9979,,,
51248,9980,,,
54733,9981,,,
53836,9982,,,
51282,9983,,,
55063,9984,0:35:27,,
51137,9985,,,
50970,9986,,,
53857,9987,,,
53709,9988,,,
50932,9989,,,
50905,9990,,,
53733,9991,,,
51193,9992,,,
50883,9993,,,
54666,9994,,,
51261,9995,,,
53451,9996,,,
51299,9997,,,
50212,9998,,,
51145,9999,,,
51253,10000,,,
50361,10001,,,
54954,10002,,,
54615,10003,,,
53260,10004,,,
51312,10005,,,
55027,10006,0:41:09,,
54800,10007,,,
51126,10008,0:29:36,,
50867,10009,,,
50394,10010,,,
54834,10011,0:46:19,,
50741,10012,,,
53434,10013,,,
50632,10014,,,
50984,10015,,,
50886,10016,,,
50415,10017,,,
50119,10018,,,
50101,10019,,,
54973,10020,,,
54804,10021,,,
53685,10022,,,
53044,10023,,,
54777,10024,,,
50947,10025,,,
50673,10026,,,
50657,10027,,,
50518,10028,,,
54820,10029,,,
54693,10030,,,
55100,10031,,,
50778,10032,,,
54786,10033,,,
54632,10034,,,
51062,10035,,,
54958,10036,,,
54614,10037,,,
50912,10038,,,
55049,10039,,,
53457,10040,,,
51043,10041,,,
54979,10042,,,
55105,10043,,,
55091,10044,,,
54695,10045,,,
53965,10046,,,
50811,10047,,,
55154,10048,,,
53482,10049,,,
